urb_id,urb_type,transfer_type,endpoint_number,urb_direction,device_number,bus_number,setup_request,data_flag,urb_sec,urb_usec,urb_status,urb_length,data_length,urb_unusedsetup_header,payload_data
18446635843065199424,C,1,1,8,2,1,45,0,1726739984,140425,0,8,8,0,0\,0\,0\,0\,0\,0\,0\,0
18446635843065199424,S,1,1,8,2,1,45,60,1726739984,140442,4294967181,8,0,0,[0\, 0\, 0\, 0\, 0\, 0\, 0\, 0]
18446635842961452224,C,1,1,8,46,1,45,0,1726739984,620715,0,4,4,0,1\,163\,0\,0
18446635842961452224,S,1,1,8,46,1,45,60,1726739984,620727,4294967181,4,0,0,[0\, 0\, 0\, 0\, 0\, 0\, 0\, 0]
18446635843065199424,C,1,1,8,2,1,45,0,1726739984,652455,0,8,8,0,4\,0\,0\,0\,0\,0\,0\,0
18446635843065199424,S,1,1,8,2,1,45,60,1726739984,652471,4294967181,8,0,0,[0\, 0\, 0\, 0\, 0\, 0\, 0\, 0]
18446635843065199424,C,1,1,8,2,1,45,0,1726739984,892452,0,8,8,0,4\,0\,43\,0\,0\,0\,0\,0
18446635843065199424,S,1,1,8,2,1,45,60,1726739984,892467,4294967181,8,0,0,[0\, 0\, 0\, 0\, 0\, 0\, 0\, 0]
18446635843065199424,C,1,1,8,2,1,45,0,1726739985,68509,0,8,8,0,0\,0\,0\,0\,0\,0\,0\,0
18446635843065199424,S,1,1,8,2,1,45,60,1726739985,68526,4294967181,8,0,0,[0\, 0\, 0\, 0\, 0\, 0\, 0\, 0]
18446635842961452224,C,1,1,8,46,1,45,0,1726739985,116462,0,4,4,0,2\,0\,0\,0
18446635842961452224,S,1,1,8,46,1,45,60,1726739985,116478,4294967181,4,0,0,[0\, 0\, 0\, 0\, 0\, 0\, 0\, 0]
18446635842961452224,C,1,1,8,46,1,45,0,1726739985,620728,0,4,4,0,2\,0\,0\,3
18446635842961452224,S,1,1,8,46,1,45,60,1726739985,620745,4294967181,4,0,0,[0\, 0\, 0\, 0\, 0\, 0\, 0\, 0]
18446635842961452224,C,1,1,8,46,1,45,0,1726739986,508727,0,4,4,0,2\,0\,205\,0
18446635842961452224,S,1,1,8,46,1,45,60,1726739986,508742,4294967181,4,0,0,[0\, 0\, 0\, 0\, 0\, 0\, 0\, 0]
18446635842961452224,C,1,1,8,46,1,45,0,1726739986,516725,0,4,4,0,1\,30\,0\,0
18446635842961452224,S,1,1,8,46,1,45,60,1726739986,516741,4294967181,4,0,0,[0\, 0\, 0\, 0\, 0\, 0\, 0\, 0]
18446635842961452224,C,1,1,8,46,1,45,0,1726739987,4656,0,4,4,0,2\,0\,0\,0
18446635842961452224,S,1,1,8,46,1,45,60,1726739987,4672,4294967181,4,0,0,[0\, 0\, 0\, 0\, 0\, 0\, 0\, 0]
18446635842961452224,C,1,1,8,46,1,45,0,1726739987,508727,0,4,4,0,2\,0\,0\,250
18446635842961452224,S,1,1,8,46,1,45,60,1726739987,508743,4294967181,4,0,0,[0\, 0\, 0\, 0\, 0\, 0\, 0\, 0]
18446635842961452224,C,1,1,8,46,1,45,0,1726739988,228731,0,4,4,0,2\,0\,228\,0
18446635842961452224,S,1,1,8,46,1,45,60,1726739988,228746,4294967181,4,0,0,[0\, 0\, 0\, 0\, 0\, 0\, 0\, 0]
18446635842961452224,C,1,1,8,46,1,45,0,1726739988,236731,0,4,4,0,1\,23\,0\,0
18446635842961452224,S,1,1,8,46,1,45,60,1726739988,236746,4294967181,4,0,0,[0\, 0\, 0\, 0\, 0\, 0\, 0\, 0]
18446635842961452224,C,1,1,8,46,1,45,0,1726739988,724730,0,4,4,0,2\,0\,0\,0
18446635842961452224,S,1,1,8,46,1,45,60,1726739988,724747,4294967181,4,0,0,[0\, 0\, 0\, 0\, 0\, 0\, 0\, 0]
18446635842961452224,C,1,1,8,46,1,45,0,1726739989,220661,0,4,4,0,2\,0\,0\,246
18446635842961452224,S,1,1,8,46,1,45,60,1726739989,220676,4294967181,4,0,0,[0\, 0\, 0\, 0\, 0\, 0\, 0\, 0]
18446635842961452224,C,1,1,8,46,1,45,0,1726739989,924501,0,4,4,0,2\,0\,9\,0
18446635842961452224,S,1,1,8,46,1,45,60,1726739989,924512,4294967181,4,0,0,[0\, 0\, 0\, 0\, 0\, 0\, 0\, 0]
18446635842961452224,C,1,1,8,46,1,45,0,1726739989,932664,0,4,4,0,1\,248\,0\,0
18446635842961452224,S,1,1,8,46,1,45,60,1726739989,932681,4294967181,4,0,0,[0\, 0\, 0\, 0\, 0\, 0\, 0\, 0]
18446635842961452224,C,1,1,8,46,1,45,0,1726739990,428519,0,4,4,0,2\,0\,0\,0
18446635842961452224,S,1,1,8,46,1,45,60,1726739990,428533,4294967181,4,0,0,[0\, 0\, 0\, 0\, 0\, 0\, 0\, 0]
18446635842961452224,C,1,1,8,46,1,45,0,1726739990,924512,0,4,4,0,2\,0\,0\,253
18446635842961452224,S,1,1,8,46,1,45,60,1726739990,924523,4294967181,4,0,0,[0\, 0\, 0\, 0\, 0\, 0\, 0\, 0]
18446635842961452224,C,1,1,8,46,1,45,0,1726739991,668738,0,4,4,0,2\,0\,198\,0
18446635842961452224,S,1,1,8,46,1,45,60,1726739991,668754,4294967181,4,0,0,[0\, 0\, 0\, 0\, 0\, 0\, 0\, 0]
18446635842961452224,C,1,1,8,46,1,45,0,1726739991,676739,0,4,4,0,1\,27\,0\,0
18446635842961452224,S,1,1,8,46,1,45,60,1726739991,676755,4294967181,4,0,0,[0\, 0\, 0\, 0\, 0\, 0\, 0\, 0]
18446635842961452224,C,1,1,8,46,1,45,0,1726739992,164730,0,4,4,0,2\,0\,0\,0
18446635842961452224,S,1,1,8,46,1,45,60,1726739992,164747,4294967181,4,0,0,[0\, 0\, 0\, 0\, 0\, 0\, 0\, 0]
18446635843065199424,C,1,1,8,2,1,45,0,1726739992,236700,0,8,8,0,4\,0\,0\,0\,0\,0\,0\,0
18446635843065199424,S,1,1,8,2,1,45,60,1726739992,236722,4294967181,8,0,0,[0\, 0\, 0\, 0\, 0\, 0\, 0\, 0]
18446635843065199424,C,1,1,8,2,1,45,0,1726739992,460692,0,8,8,0,4\,0\,43\,0\,0\,0\,0\,0
18446635843065199424,S,1,1,8,2,1,45,60,1726739992,460729,4294967181,8,0,0,[0\, 0\, 0\, 0\, 0\, 0\, 0\, 0]
18446635843065199424,C,1,1,8,2,1,45,0,1726739992,588482,0,8,8,0,4\,0\,0\,0\,0\,0\,0\,0
18446635843065199424,S,1,1,8,2,1,45,60,1726739992,588499,4294967181,8,0,0,[0\, 0\, 0\, 0\, 0\, 0\, 0\, 0]
18446635842961452224,C,1,1,8,46,1,45,0,1726739992,660742,0,4,4,0,2\,0\,0\,246
18446635842961452224,S,1,1,8,46,1,45,60,1726739992,660757,4294967181,4,0,0,[0\, 0\, 0\, 0\, 0\, 0\, 0\, 0]
18446635843065199424,C,1,1,8,2,1,45,0,1726739993,372646,0,8,8,0,4\,0\,43\,0\,0\,0\,0\,0
18446635843065199424,S,1,1,8,2,1,45,60,1726739993,372667,4294967181,8,0,0,[0\, 0\, 0\, 0\, 0\, 0\, 0\, 0]
18446635843065199424,C,1,1,8,2,1,45,0,1726739993,468449,0,8,8,0,4\,0\,0\,0\,0\,0\,0\,0
18446635843065199424,S,1,1,8,2,1,45,60,1726739993,468467,4294967181,8,0,0,[0\, 0\, 0\, 0\, 0\, 0\, 0\, 0]
18446635842961452224,C,1,1,8,46,1,45,0,1726739993,556727,0,4,4,0,2\,0\,29\,0
18446635842961452224,S,1,1,8,46,1,45,60,1726739993,556743,4294967181,4,0,0,[0\, 0\, 0\, 0\, 0\, 0\, 0\, 0]
18446635842961452224,C,1,1,8,46,1,45,0,1726739993,564726,0,4,4,0,1\,3\,0\,0
18446635842961452224,S,1,1,8,46,1,45,60,1726739993,564743,4294967181,4,0,0,[0\, 0\, 0\, 0\, 0\, 0\, 0\, 0]
18446635843065199424,C,1,1,8,2,1,45,0,1726739993,964704,0,8,8,0,4\,0\,43\,0\,0\,0\,0\,0
18446635843065199424,S,1,1,8,2,1,45,60,1726739993,964727,4294967181,8,0,0,[0\, 0\, 0\, 0\, 0\, 0\, 0\, 0]
18446635842961452224,C,1,1,8,46,1,45,0,1726739994,52516,0,4,4,0,2\,0\,0\,0
18446635842961452224,S,1,1,8,46,1,45,60,1726739994,52528,4294967181,4,0,0,[0\, 0\, 0\, 0\, 0\, 0\, 0\, 0]
18446635843065199424,C,1,1,8,2,1,45,0,1726739994,92484,0,8,8,0,4\,0\,0\,0\,0\,0\,0\,0
18446635843065199424,S,1,1,8,2,1,45,60,1726739994,92501,4294967181,8,0,0,[0\, 0\, 0\, 0\, 0\, 0\, 0\, 0]
18446635843065199424,C,1,1,8,2,1,45,0,1726739994,220704,0,8,8,0,4\,0\,43\,0\,0\,0\,0\,0
18446635843065199424,S,1,1,8,2,1,45,60,1726739994,220726,4294967181,8,0,0,[0\, 0\, 0\, 0\, 0\, 0\, 0\, 0]
18446635843065199424,C,1,1,8,2,1,45,0,1726739994,268550,0,8,8,0,4\,0\,0\,0\,0\,0\,0\,0
18446635843065199424,S,1,1,8,2,1,45,60,1726739994,268566,4294967181,8,0,0,[0\, 0\, 0\, 0\, 0\, 0\, 0\, 0]
18446635843065199424,C,1,1,8,2,1,45,0,1726739994,396548,0,8,8,0,4\,0\,43\,0\,0\,0\,0\,0
18446635843065199424,S,1,1,8,2,1,45,60,1726739994,396563,4294967181,8,0,0,[0\, 0\, 0\, 0\, 0\, 0\, 0\, 0]
18446635843065199424,C,1,1,8,2,1,45,0,1726739994,460483,0,8,8,0,4\,0\,0\,0\,0\,0\,0\,0
18446635843065199424,S,1,1,8,2,1,45,60,1726739994,460499,4294967181,8,0,0,[0\, 0\, 0\, 0\, 0\, 0\, 0\, 0]
18446635842961452224,C,1,1,8,46,1,45,0,1726739994,556742,0,4,4,0,2\,0\,0\,255
18446635842961452224,S,1,1,8,46,1,45,60,1726739994,556758,4294967181,4,0,0,[0\, 0\, 0\, 0\, 0\, 0\, 0\, 0]
18446635843065199424,C,1,1,8,2,1,45,0,1726739994,604448,0,8,8,0,4\,0\,43\,0\,0\,0\,0\,0
18446635843065199424,S,1,1,8,2,1,45,60,1726739994,604462,4294967181,8,0,0,[0\, 0\, 0\, 0\, 0\, 0\, 0\, 0]
18446635843065199424,C,1,1,8,2,1,45,0,1726739994,716484,0,8,8,0,4\,0\,0\,0\,0\,0\,0\,0
18446635843065199424,S,1,1,8,2,1,45,60,1726739994,716501,4294967181,8,0,0,[0\, 0\, 0\, 0\, 0\, 0\, 0\, 0]
18446635843065199424,C,1,1,8,2,1,45,0,1726739994,844636,0,8,8,0,4\,0\,43\,0\,0\,0\,0\,0
18446635843065199424,S,1,1,8,2,1,45,60,1726739994,844656,4294967181,8,0,0,[0\, 0\, 0\, 0\, 0\, 0\, 0\, 0]
18446635843065199424,C,1,1,8,2,1,45,0,1726739994,908482,0,8,8,0,4\,0\,0\,0\,0\,0\,0\,0
18446635843065199424,S,1,1,8,2,1,45,60,1726739994,908497,4294967181,8,0,0,[0\, 0\, 0\, 0\, 0\, 0\, 0\, 0]
18446635842961452224,C,1,1,8,46,1,45,0,1726739995,204684,0,4,4,0,2\,0\,69\,0
18446635842961452224,S,1,1,8,46,1,45,60,1726739995,204695,4294967181,4,0,0,[0\, 0\, 0\, 0\, 0\, 0\, 0\, 0]
18446635842961452224,C,1,1,8,46,1,45,0,1726739995,212744,0,4,4,0,1\,60\,0\,0
18446635842961452224,S,1,1,8,46,1,45,60,1726739995,212757,4294967181,4,0,0,[0\, 0\, 0\, 0\, 0\, 0\, 0\, 0]
18446635843065199424,C,1,1,8,2,1,45,0,1726739995,500710,0,8,8,0,0\,0\,0\,0\,0\,0\,0\,0
18446635843065199424,S,1,1,8,2,1,45,60,1726739995,500730,4294967181,8,0,0,[0\, 0\, 0\, 0\, 0\, 0\, 0\, 0]
18446635842961452224,C,1,1,8,46,1,45,0,1726739995,700753,0,4,4,0,2\,0\,0\,0
18446635842961452224,S,1,1,8,46,1,45,60,1726739995,700765,4294967181,4,0,0,[0\, 0\, 0\, 0\, 0\, 0\, 0\, 0]
18446635842961452224,C,1,1,8,46,1,45,0,1726739996,196750,0,4,4,0,2\,0\,0\,9
18446635842961452224,S,1,1,8,46,1,45,60,1726739996,196762,4294967181,4,0,0,[0\, 0\, 0\, 0\, 0\, 0\, 0\, 0]
18446635843065199424,C,1,1,8,2,1,45,0,1726739996,364715,0,8,8,0,4\,0\,0\,0\,0\,0\,0\,0
18446635843065199424,S,1,1,8,2,1,45,60,1726739996,364749,4294967181,8,0,0,[0\, 0\, 0\, 0\, 0\, 0\, 0\, 0]
18446635843065199424,C,1,1,8,2,1,45,0,1726739996,508696,0,8,8,0,4\,0\,43\,0\,0\,0\,0\,0
18446635843065199424,S,1,1,8,2,1,45,60,1726739996,508716,4294967181,8,0,0,[0\, 0\, 0\, 0\, 0\, 0\, 0\, 0]
18446635843065199424,C,1,1,8,2,1,45,0,1726739996,588489,0,8,8,0,4\,0\,0\,0\,0\,0\,0\,0
18446635843065199424,S,1,1,8,2,1,45,60,1726739996,588503,4294967181,8,0,0,[0\, 0\, 0\, 0\, 0\, 0\, 0\, 0]
18446635843065199424,C,1,1,8,2,1,45,0,1726739996,700487,0,8,8,0,4\,0\,43\,0\,0\,0\,0\,0
18446635843065199424,S,1,1,8,2,1,45,60,1726739996,700502,4294967181,8,0,0,[0\, 0\, 0\, 0\, 0\, 0\, 0\, 0]
18446635843065199424,C,1,1,8,2,1,45,0,1726739996,764549,0,8,8,0,4\,0\,0\,0\,0\,0\,0\,0
18446635843065199424,S,1,1,8,2,1,45,60,1726739996,764564,4294967181,8,0,0,[0\, 0\, 0\, 0\, 0\, 0\, 0\, 0]
18446635843065199424,C,1,1,8,2,1,45,0,1726739996,892706,0,8,8,0,4\,0\,43\,0\,0\,0\,0\,0
18446635843065199424,S,1,1,8,2,1,45,60,1726739996,892727,4294967181,8,0,0,[0\, 0\, 0\, 0\, 0\, 0\, 0\, 0]
18446635843065199424,C,1,1,8,2,1,45,0,1726739996,940488,0,8,8,0,4\,0\,0\,0\,0\,0\,0\,0
18446635843065199424,S,1,1,8,2,1,45,60,1726739996,940502,4294967181,8,0,0,[0\, 0\, 0\, 0\, 0\, 0\, 0\, 0]
18446635842961452224,C,1,1,8,46,1,45,0,1726739996,964524,0,4,4,0,2\,0\,33\,0
18446635842961452224,S,1,1,8,46,1,45,60,1726739996,964534,4294967181,4,0,0,[0\, 0\, 0\, 0\, 0\, 0\, 0\, 0]
18446635842961452224,C,1,1,8,46,1,45,0,1726739996,972525,0,4,4,0,1\,172\,0\,0
18446635842961452224,S,1,1,8,46,1,45,60,1726739996,972532,4294967181,4,0,0,[0\, 0\, 0\, 0\, 0\, 0\, 0\, 0]
18446635843065199424,C,1,1,8,2,1,45,0,1726739997,132489,0,8,8,0,4\,0\,43\,0\,0\,0\,0\,0
18446635843065199424,S,1,1,8,2,1,45,60,1726739997,132504,4294967181,8,0,0,[0\, 0\, 0\, 0\, 0\, 0\, 0\, 0]
18446635843065199424,C,1,1,8,2,1,45,0,1726739997,212502,0,8,8,0,4\,0\,0\,0\,0\,0\,0\,0
18446635843065199424,S,1,1,8,2,1,45,60,1726739997,212521,4294967181,8,0,0,[0\, 0\, 0\, 0\, 0\, 0\, 0\, 0]
18446635843065199424,C,1,1,8,2,1,45,0,1726739997,308491,0,8,8,0,4\,0\,43\,0\,0\,0\,0\,0
18446635843065199424,S,1,1,8,2,1,45,60,1726739997,308508,4294967181,8,0,0,[0\, 0\, 0\, 0\, 0\, 0\, 0\, 0]
18446635843065199424,C,1,1,8,2,1,45,0,1726739997,388491,0,8,8,0,4\,0\,0\,0\,0\,0\,0\,0
18446635843065199424,S,1,1,8,2,1,45,60,1726739997,388508,4294967181,8,0,0,[0\, 0\, 0\, 0\, 0\, 0\, 0\, 0]
18446635843065199424,C,1,1,8,2,1,45,0,1726739997,468632,0,8,8,0,0\,0\,0\,0\,0\,0\,0\,0
18446635843065199424,S,1,1,8,2,1,45,60,1726739997,468653,4294967181,8,0,0,[0\, 0\, 0\, 0\, 0\, 0\, 0\, 0]
18446635842961452224,C,1,1,8,46,1,45,0,1726739997,468662,0,4,4,0,2\,0\,0\,0
18446635842961452224,S,1,1,8,46,1,45,60,1726739997,468666,4294967181,4,0,0,[0\, 0\, 0\, 0\, 0\, 0\, 0\, 0]
18446635842961452224,C,1,1,8,46,1,45,0,1726739997,964696,0,4,4,0,2\,0\,0\,7
18446635842961452224,S,1,1,8,46,1,45,60,1726739997,964714,4294967181,4,0,0,[0\, 0\, 0\, 0\, 0\, 0\, 0\, 0]
18446635842961452224,C,1,1,8,46,1,45,0,1726739998,868754,0,4,4,0,2\,0\,35\,0
18446635842961452224,S,1,1,8,46,1,45,60,1726739998,868770,4294967181,4,0,0,[0\, 0\, 0\, 0\, 0\, 0\, 0\, 0]
18446635842961452224,C,1,1,8,46,1,45,0,1726739998,876538,0,4,4,0,1\,12\,0\,0
18446635842961452224,S,1,1,8,46,1,45,60,1726739998,876555,4294967181,4,0,0,[0\, 0\, 0\, 0\, 0\, 0\, 0\, 0]
18446635842961452224,C,1,1,8,46,1,45,0,1726739999,372761,0,4,4,0,2\,0\,0\,0
18446635842961452224,S,1,1,8,46,1,45,60,1726739999,372778,4294967181,4,0,0,[0\, 0\, 0\, 0\, 0\, 0\, 0\, 0]
18446635842961452224,C,1,1,8,46,1,45,0,1726740000,540764,0,4,4,0,2\,0\,223\,0
18446635842961452224,S,1,1,8,46,1,45,60,1726740000,540779,4294967181,4,0,0,[0\, 0\, 0\, 0\, 0\, 0\, 0\, 0]
18446635842961452224,C,1,1,8,46,1,45,0,1726740000,548698,0,4,4,0,1\,79\,0\,0
18446635842961452224,S,1,1,8,46,1,45,60,1726740000,548715,4294967181,4,0,0,[0\, 0\, 0\, 0\, 0\, 0\, 0\, 0]
18446635842961452224,C,1,1,8,46,1,45,0,1726740001,44695,0,4,4,0,2\,0\,0\,0
18446635842961452224,S,1,1,8,46,1,45,60,1726740001,44723,4294967181,4,0,0,[0\, 0\, 0\, 0\, 0\, 0\, 0\, 0]
18446635842961452224,C,1,1,8,46,1,45,0,1726740001,540755,0,4,4,0,2\,0\,0\,9
18446635842961452224,S,1,1,8,46,1,45,60,1726740001,540772,4294967181,4,0,0,[0\, 0\, 0\, 0\, 0\, 0\, 0\, 0]
18446635842961452224,C,1,1,8,46,1,45,0,1726740002,396762,0,4,4,0,2\,0\,49\,0
18446635842961452224,S,1,1,8,46,1,45,60,1726740002,396777,4294967181,4,0,0,[0\, 0\, 0\, 0\, 0\, 0\, 0\, 0]
18446635842961452224,C,1,1,8,46,1,45,0,1726740002,404715,0,4,4,0,1\,67\,0\,0
18446635842961452224,S,1,1,8,46,1,45,60,1726740002,404732,4294967181,4,0,0,[0\, 0\, 0\, 0\, 0\, 0\, 0\, 0]
18446635842961452224,C,1,1,8,46,1,45,0,1726740002,892609,0,4,4,0,2\,0\,0\,0
18446635842961452224,S,1,1,8,46,1,45,60,1726740002,892624,4294967181,4,0,0,[0\, 0\, 0\, 0\, 0\, 0\, 0\, 0]
18446635842961452224,C,1,1,8,46,1,45,0,1726740003,388763,0,4,4,0,2\,0\,0\,3
18446635842961452224,S,1,1,8,46,1,45,60,1726740003,388778,4294967181,4,0,0,[0\, 0\, 0\, 0\, 0\, 0\, 0\, 0]
18446635842961452224,C,1,1,8,46,1,45,0,1726740004,356773,0,4,4,0,2\,0\,228\,0
18446635842961452224,S,1,1,8,46,1,45,60,1726740004,356788,4294967181,4,0,0,[0\, 0\, 0\, 0\, 0\, 0\, 0\, 0]
18446635842961452224,C,1,1,8,46,1,45,0,1726740004,364615,0,4,4,0,1\,241\,0\,0
18446635842961452224,S,1,1,8,46,1,45,60,1726740004,364630,4294967181,4,0,0,[0\, 0\, 0\, 0\, 0\, 0\, 0\, 0]
18446635842961452224,C,1,1,8,46,1,45,0,1726740004,860691,0,4,4,0,2\,0\,0\,0
18446635842961452224,S,1,1,8,46,1,45,60,1726740004,860708,4294967181,4,0,0,[0\, 0\, 0\, 0\, 0\, 0\, 0\, 0]
18446635842961452224,C,1,1,8,46,1,45,0,1726740005,356777,0,4,4,0,2\,0\,0\,254
18446635842961452224,S,1,1,8,46,1,45,60,1726740005,356794,4294967181,4,0,0,[0\, 0\, 0\, 0\, 0\, 0\, 0\, 0]
18446635842961452224,C,1,1,8,46,1,45,0,1726740006,276536,0,4,4,0,2\,0\,45\,0
18446635842961452224,S,1,1,8,46,1,45,60,1726740006,276551,4294967181,4,0,0,[0\, 0\, 0\, 0\, 0\, 0\, 0\, 0]
18446635842961452224,C,1,1,8,46,1,45,0,1726740006,284780,0,4,4,0,1\,94\,0\,0
18446635842961452224,S,1,1,8,46,1,45,60,1726740006,284796,4294967181,4,0,0,[0\, 0\, 0\, 0\, 0\, 0\, 0\, 0]
18446635842961452224,C,1,1,8,46,1,45,0,1726740006,780771,0,4,4,0,2\,0\,0\,0
18446635842961452224,S,1,1,8,46,1,45,60,1726740006,780787,4294967181,4,0,0,[0\, 0\, 0\, 0\, 0\, 0\, 0\, 0]
18446635842961452224,C,1,1,8,46,1,45,0,1726740007,276710,0,4,4,0,2\,0\,0\,247
18446635842961452224,S,1,1,8,46,1,45,60,1726740007,276725,4294967181,4,0,0,[0\, 0\, 0\, 0\, 0\, 0\, 0\, 0]
18446635842961452224,C,1,1,8,46,1,45,0,1726740008,20783,0,4,4,0,2\,0\,57\,0
18446635842961452224,S,1,1,8,46,1,45,60,1726740008,20800,4294967181,4,0,0,[0\, 0\, 0\, 0\, 0\, 0\, 0\, 0]
18446635842961452224,C,1,1,8,46,1,45,0,1726740008,28747,0,4,4,0,1\,8\,0\,0
18446635842961452224,S,1,1,8,46,1,45,60,1726740008,28775,4294967181,4,0,0,[0\, 0\, 0\, 0\, 0\, 0\, 0\, 0]
18446635842961452224,C,1,1,8,46,1,45,0,1726740008,516779,0,4,4,0,2\,0\,0\,0
18446635842961452224,S,1,1,8,46,1,45,60,1726740008,516796,4294967181,4,0,0,[0\, 0\, 0\, 0\, 0\, 0\, 0\, 0]
18446635842961452224,C,1,1,8,46,1,45,0,1726740009,12769,0,4,4,0,2\,0\,0\,254
18446635842961452224,S,1,1,8,46,1,45,60,1726740009,12785,4294967181,4,0,0,[0\, 0\, 0\, 0\, 0\, 0\, 0\, 0]
18446635842961452224,C,1,1,8,46,1,45,0,1726740009,940737,0,4,4,0,2\,0\,44\,0
18446635842961452224,S,1,1,8,46,1,45,60,1726740009,940752,4294967181,4,0,0,[0\, 0\, 0\, 0\, 0\, 0\, 0\, 0]
18446635842961452224,C,1,1,8,46,1,45,0,1726740009,948728,0,4,4,0,1\,24\,0\,0
18446635842961452224,S,1,1,8,46,1,45,60,1726740009,948745,4294967181,4,0,0,[0\, 0\, 0\, 0\, 0\, 0\, 0\, 0]
18446635842961452224,C,1,1,8,46,1,45,0,1726740010,436789,0,4,4,0,2\,0\,0\,0
18446635842961452224,S,1,1,8,46,1,45,60,1726740010,436806,4294967181,4,0,0,[0\, 0\, 0\, 0\, 0\, 0\, 0\, 0]
18446635842961452224,C,1,1,8,46,1,45,0,1726740011,772790,0,4,4,0,2\,0\,96\,0
18446635842961452224,S,1,1,8,46,1,45,60,1726740011,772805,4294967181,4,0,0,[0\, 0\, 0\, 0\, 0\, 0\, 0\, 0]
18446635842961452224,C,1,1,8,46,1,45,0,1726740011,780793,0,4,4,0,1\,22\,0\,0
18446635842961452224,S,1,1,8,46,1,45,60,1726740011,780809,4294967181,4,0,0,[0\, 0\, 0\, 0\, 0\, 0\, 0\, 0]
18446635842961452224,C,1,1,8,46,1,45,0,1726740012,268794,0,4,4,0,2\,0\,0\,0
18446635842961452224,S,1,1,8,46,1,45,60,1726740012,268811,4294967181,4,0,0,[0\, 0\, 0\, 0\, 0\, 0\, 0\, 0]
18446635842961452224,C,1,1,8,46,1,45,0,1726740012,772783,0,4,4,0,2\,0\,0\,255
18446635842961452224,S,1,1,8,46,1,45,60,1726740012,772800,4294967181,4,0,0,[0\, 0\, 0\, 0\, 0\, 0\, 0\, 0]
18446635842961452224,C,1,1,8,46,1,45,0,1726740013,436799,0,4,4,0,2\,0\,222\,0
18446635842961452224,S,1,1,8,46,1,45,60,1726740013,436815,4294967181,4,0,0,[0\, 0\, 0\, 0\, 0\, 0\, 0\, 0]
18446635842961452224,C,1,1,8,46,1,45,0,1726740013,444755,0,4,4,0,1\,157\,0\,0
18446635842961452224,S,1,1,8,46,1,45,60,1726740013,444772,4294967181,4,0,0,[0\, 0\, 0\, 0\, 0\, 0\, 0\, 0]
18446635842961452224,C,1,1,8,46,1,45,0,1726740013,932791,0,4,4,0,2\,0\,0\,0
18446635842961452224,S,1,1,8,46,1,45,60,1726740013,932808,4294967181,4,0,0,[0\, 0\, 0\, 0\, 0\, 0\, 0\, 0]
18446635843065199424,C,1,1,8,2,1,45,0,1726740013,996598,0,8,8,0,4\,0\,0\,0\,0\,0\,0\,0
18446635843065199424,S,1,1,8,2,1,45,60,1726740013,996617,4294967181,8,0,0,[0\, 0\, 0\, 0\, 0\, 0\, 0\, 0]
18446635843065199424,C,1,1,8,2,1,45,0,1726740014,156762,0,8,8,0,4\,0\,43\,0\,0\,0\,0\,0
18446635843065199424,S,1,1,8,2,1,45,60,1726740014,156783,4294967181,8,0,0,[0\, 0\, 0\, 0\, 0\, 0\, 0\, 0]
18446635843065199424,C,1,1,8,2,1,45,0,1726740014,252547,0,8,8,0,4\,0\,0\,0\,0\,0\,0\,0
18446635843065199424,S,1,1,8,2,1,45,60,1726740014,252565,4294967181,8,0,0,[0\, 0\, 0\, 0\, 0\, 0\, 0\, 0]
18446635842961452224,C,1,1,8,46,1,45,0,1726740014,436542,0,4,4,0,2\,0\,0\,7
18446635842961452224,S,1,1,8,46,1,45,60,1726740014,436553,4294967181,4,0,0,[0\, 0\, 0\, 0\, 0\, 0\, 0\, 0]
18446635843065199424,C,1,1,8,2,1,45,0,1726740014,860509,0,8,8,0,4\,0\,43\,0\,0\,0\,0\,0
18446635843065199424,S,1,1,8,2,1,45,60,1726740014,860522,4294967181,8,0,0,[0\, 0\, 0\, 0\, 0\, 0\, 0\, 0]
18446635843065199424,C,1,1,8,2,1,45,0,1726740015,4508,0,8,8,0,4\,0\,0\,0\,0\,0\,0\,0
18446635843065199424,S,1,1,8,2,1,45,60,1726740015,4525,4294967181,8,0,0,[0\, 0\, 0\, 0\, 0\, 0\, 0\, 0]
18446635842961452224,C,1,1,8,46,1,45,0,1726740015,372811,0,4,4,0,2\,0\,209\,0
18446635842961452224,S,1,1,8,46,1,45,60,1726740015,372823,4294967181,4,0,0,[0\, 0\, 0\, 0\, 0\, 0\, 0\, 0]
18446635842961452224,C,1,1,8,46,1,45,0,1726740015,380653,0,4,4,0,1\,184\,0\,0
18446635842961452224,S,1,1,8,46,1,45,60,1726740015,380665,4294967181,4,0,0,[0\, 0\, 0\, 0\, 0\, 0\, 0\, 0]
18446635843065199424,C,1,1,8,2,1,45,0,1726740015,500549,0,8,8,0,4\,0\,43\,0\,0\,0\,0\,0
18446635843065199424,S,1,1,8,2,1,45,60,1726740015,500566,4294967181,8,0,0,[0\, 0\, 0\, 0\, 0\, 0\, 0\, 0]
18446635843065199424,C,1,1,8,2,1,45,0,1726740015,628544,0,8,8,0,4\,0\,0\,0\,0\,0\,0\,0
18446635843065199424,S,1,1,8,2,1,45,60,1726740015,628558,4294967181,8,0,0,[0\, 0\, 0\, 0\, 0\, 0\, 0\, 0]
18446635842961452224,C,1,1,8,46,1,45,0,1726740015,868579,0,4,4,0,2\,0\,0\,0
18446635842961452224,S,1,1,8,46,1,45,60,1726740015,868589,4294967181,4,0,0,[0\, 0\, 0\, 0\, 0\, 0\, 0\, 0]
18446635842961452224,C,1,1,8,46,1,45,0,1726740016,372786,0,4,4,0,2\,0\,0\,8
18446635842961452224,S,1,1,8,46,1,45,60,1726740016,372797,4294967181,4,0,0,[0\, 0\, 0\, 0\, 0\, 0\, 0\, 0]
18446635843065199424,C,1,1,8,2,1,45,0,1726740016,412717,0,8,8,0,0\,0\,0\,0\,0\,0\,0\,0
18446635843065199424,S,1,1,8,2,1,45,60,1726740016,412751,4294967181,8,0,0,[0\, 0\, 0\, 0\, 0\, 0\, 0\, 0]
18446635842961452224,C,1,1,8,46,1,45,0,1726740017,188745,0,4,4,0,2\,0\,33\,0
18446635842961452224,S,1,1,8,46,1,45,60,1726740017,188756,4294967181,4,0,0,[0\, 0\, 0\, 0\, 0\, 0\, 0\, 0]
18446635842961452224,C,1,1,8,46,1,45,0,1726740017,196650,0,4,4,0,1\,191\,0\,0
18446635842961452224,S,1,1,8,46,1,45,60,1726740017,196662,4294967181,4,0,0,[0\, 0\, 0\, 0\, 0\, 0\, 0\, 0]
18446635842961452224,C,1,1,8,46,1,45,0,1726740017,684580,0,4,4,0,2\,0\,0\,0
18446635842961452224,S,1,1,8,46,1,45,60,1726740017,684590,4294967181,4,0,0,[0\, 0\, 0\, 0\, 0\, 0\, 0\, 0]
18446635842961452224,C,1,1,8,46,1,45,0,1726740018,180807,0,4,4,0,2\,0\,0\,251
18446635842961452224,S,1,1,8,46,1,45,60,1726740018,180819,4294967181,4,0,0,[0\, 0\, 0\, 0\, 0\, 0\, 0\, 0]
18446635842961452224,C,1,1,8,46,1,45,0,1726740018,884815,0,4,4,0,2\,0\,169\,0
18446635842961452224,S,1,1,8,46,1,45,60,1726740018,884826,4294967181,4,0,0,[0\, 0\, 0\, 0\, 0\, 0\, 0\, 0]
18446635842961452224,C,1,1,8,46,1,45,0,1726740018,892661,0,4,4,0,1\,219\,0\,0
18446635842961452224,S,1,1,8,46,1,45,60,1726740018,892672,4294967181,4,0,0,[0\, 0\, 0\, 0\, 0\, 0\, 0\, 0]
18446635842961452224,C,1,1,8,46,1,45,0,1726740019,380669,0,4,4,0,2\,0\,0\,0
18446635842961452224,S,1,1,8,46,1,45,60,1726740019,380684,4294967181,4,0,0,[0\, 0\, 0\, 0\, 0\, 0\, 0\, 0]
18446635842961452224,C,1,1,8,46,1,45,0,1726740019,884660,0,4,4,0,2\,0\,0\,251
18446635842961452224,S,1,1,8,46,1,45,60,1726740019,884673,4294967181,4,0,0,[0\, 0\, 0\, 0\, 0\, 0\, 0\, 0]
18446635842961452224,C,1,1,8,46,1,45,0,1726740020,540815,0,4,4,0,2\,0\,36\,0
18446635842961452224,S,1,1,8,46,1,45,60,1726740020,540827,4294967181,4,0,0,[0\, 0\, 0\, 0\, 0\, 0\, 0\, 0]
18446635842961452224,C,1,1,8,46,1,45,0,1726740020,548760,0,4,4,0,1\,15\,0\,0
18446635842961452224,S,1,1,8,46,1,45,60,1726740020,548772,4294967181,4,0,0,[0\, 0\, 0\, 0\, 0\, 0\, 0\, 0]
18446635842961452224,C,1,1,8,46,1,45,0,1726740021,36793,0,4,4,0,2\,0\,0\,0
18446635842961452224,S,1,1,8,46,1,45,60,1726740021,36834,4294967181,4,0,0,[0\, 0\, 0\, 0\, 0\, 0\, 0\, 0]
18446635842961452224,C,1,1,8,46,1,45,0,1726740021,540761,0,4,4,0,2\,0\,0\,255
18446635842961452224,S,1,1,8,46,1,45,60,1726740021,540772,4294967181,4,0,0,[0\, 0\, 0\, 0\, 0\, 0\, 0\, 0]
18446635842961452224,C,1,1,8,46,1,45,0,1726740022,476750,0,4,4,0,2\,0\,250\,0
18446635842961452224,S,1,1,8,46,1,45,60,1726740022,476761,4294967181,4,0,0,[0\, 0\, 0\, 0\, 0\, 0\, 0\, 0]
18446635842961452224,C,1,1,8,46,1,45,0,1726740022,484828,0,4,4,0,1\,17\,0\,0
18446635842961452224,S,1,1,8,46,1,45,60,1726740022,484841,4294967181,4,0,0,[0\, 0\, 0\, 0\, 0\, 0\, 0\, 0]
18446635842961452224,C,1,1,8,46,1,45,0,1726740022,972834,0,4,4,0,2\,0\,0\,0
18446635842961452224,S,1,1,8,46,1,45,60,1726740022,972848,4294967181,4,0,0,[0\, 0\, 0\, 0\, 0\, 0\, 0\, 0]
18446635842961452224,C,1,1,8,46,1,45,0,1726740023,468602,0,4,4,0,2\,0\,0\,251
18446635842961452224,S,1,1,8,46,1,45,60,1726740023,468613,4294967181,4,0,0,[0\, 0\, 0\, 0\, 0\, 0\, 0\, 0]
18446635842961452224,C,1,1,8,46,1,45,0,1726740024,404779,0,4,4,0,2\,0\,95\,0
18446635842961452224,S,1,1,8,46,1,45,60,1726740024,404791,4294967181,4,0,0,[0\, 0\, 0\, 0\, 0\, 0\, 0\, 0]
18446635842961452224,C,1,1,8,46,1,45,0,1726740024,412811,0,4,4,0,1\,207\,0\,0
18446635842961452224,S,1,1,8,46,1,45,60,1726740024,412824,4294967181,4,0,0,[0\, 0\, 0\, 0\, 0\, 0\, 0\, 0]
18446635842961452224,C,1,1,8,46,1,45,0,1726740024,900835,0,4,4,0,2\,0\,0\,0
18446635842961452224,S,1,1,8,46,1,45,60,1726740024,900846,4294967181,4,0,0,[0\, 0\, 0\, 0\, 0\, 0\, 0\, 0]
18446635842961452224,C,1,1,8,46,1,45,0,1726740025,404833,0,4,4,0,2\,0\,0\,254
18446635842961452224,S,1,1,8,46,1,45,60,1726740025,404844,4294967181,4,0,0,[0\, 0\, 0\, 0\, 0\, 0\, 0\, 0]
18446635842961452224,C,1,1,8,46,1,45,0,1726740026,356827,0,4,4,0,2\,0\,254\,0
18446635842961452224,S,1,1,8,46,1,45,60,1726740026,356838,4294967181,4,0,0,[0\, 0\, 0\, 0\, 0\, 0\, 0\, 0]
18446635842961452224,C,1,1,8,46,1,45,0,1726740026,364820,0,4,4,0,1\,5\,0\,0
18446635842961452224,S,1,1,8,46,1,45,60,1726740026,364833,4294967181,4,0,0,[0\, 0\, 0\, 0\, 0\, 0\, 0\, 0]
18446635842961452224,C,1,1,8,46,1,45,0,1726740026,852688,0,4,4,0,2\,0\,0\,0
18446635842961452224,S,1,1,8,46,1,45,60,1726740026,852714,4294967181,4,0,0,[0\, 0\, 0\, 0\, 0\, 0\, 0\, 0]
18446635842961452224,C,1,1,8,46,1,45,0,1726740027,348832,0,4,4,0,2\,0\,0\,2
18446635842961452224,S,1,1,8,46,1,45,60,1726740027,348844,4294967181,4,0,0,[0\, 0\, 0\, 0\, 0\, 0\, 0\, 0]
18446635842961452224,C,1,1,8,46,1,45,0,1726740028,204844,0,4,4,0,2\,0\,238\,0
18446635842961452224,S,1,1,8,46,1,45,60,1726740028,204855,4294967181,4,0,0,[0\, 0\, 0\, 0\, 0\, 0\, 0\, 0]
18446635842961452224,C,1,1,8,46,1,45,0,1726740028,212683,0,4,4,0,1\,16\,0\,0
18446635842961452224,S,1,1,8,46,1,45,60,1726740028,212714,4294967181,4,0,0,[0\, 0\, 0\, 0\, 0\, 0\, 0\, 0]
18446635842961452224,C,1,1,8,46,1,45,0,1726740028,700696,0,4,4,0,2\,0\,0\,0
18446635842961452224,S,1,1,8,46,1,45,60,1726740028,700706,4294967181,4,0,0,[0\, 0\, 0\, 0\, 0\, 0\, 0\, 0]
18446635842961452224,C,1,1,8,46,1,45,0,1726740029,196841,0,4,4,0,2\,0\,0\,8
18446635842961452224,S,1,1,8,46,1,45,60,1726740029,196853,4294967181,4,0,0,[0\, 0\, 0\, 0\, 0\, 0\, 0\, 0]
18446635842961452224,C,1,1,8,46,1,45,0,1726740029,932853,0,4,4,0,2\,0\,37\,0
18446635842961452224,S,1,1,8,46,1,45,60,1726740029,932864,4294967181,4,0,0,[0\, 0\, 0\, 0\, 0\, 0\, 0\, 0]
18446635842961452224,C,1,1,8,46,1,45,0,1726740029,940803,0,4,4,0,1\,1\,0\,0
18446635842961452224,S,1,1,8,46,1,45,60,1726740029,940816,4294967181,4,0,0,[0\, 0\, 0\, 0\, 0\, 0\, 0\, 0]
18446635842961452224,C,1,1,8,46,1,45,0,1726740030,428811,0,4,4,0,2\,0\,0\,0
18446635842961452224,S,1,1,8,46,1,45,60,1726740030,428851,4294967181,4,0,0,[0\, 0\, 0\, 0\, 0\, 0\, 0\, 0]
18446635842961452224,C,1,1,8,46,1,45,0,1726740030,924855,0,4,4,0,2\,0\,0\,1
18446635842961452224,S,1,1,8,46,1,45,60,1726740030,924867,4294967181,4,0,0,[0\, 0\, 0\, 0\, 0\, 0\, 0\, 0]
18446635842961452224,C,1,1,8,46,1,45,0,1726740031,740857,0,4,4,0,2\,0\,253\,0
18446635842961452224,S,1,1,8,46,1,45,60,1726740031,740868,4294967181,4,0,0,[0\, 0\, 0\, 0\, 0\, 0\, 0\, 0]
18446635842961452224,C,1,1,8,46,1,45,0,1726740031,748856,0,4,4,0,1\,37\,0\,0
18446635842961452224,S,1,1,8,46,1,45,60,1726740031,748868,4294967181,4,0,0,[0\, 0\, 0\, 0\, 0\, 0\, 0\, 0]
18446635842961452224,C,1,1,8,46,1,45,0,1726740032,236857,0,4,4,0,2\,0\,0\,0
18446635842961452224,S,1,1,8,46,1,45,60,1726740032,236869,4294967181,4,0,0,[0\, 0\, 0\, 0\, 0\, 0\, 0\, 0]
18446635842961452224,C,1,1,8,46,1,45,0,1726740032,732866,0,4,4,0,2\,0\,0\,7
18446635842961452224,S,1,1,8,46,1,45,60,1726740032,732877,4294967181,4,0,0,[0\, 0\, 0\, 0\, 0\, 0\, 0\, 0]
18446635842961452224,C,1,1,8,46,1,45,0,1726740033,668861,0,4,4,0,2\,0\,58\,0
18446635842961452224,S,1,1,8,46,1,45,60,1726740033,668873,4294967181,4,0,0,[0\, 0\, 0\, 0\, 0\, 0\, 0\, 0]
18446635842961452224,C,1,1,8,46,1,45,0,1726740033,676609,0,4,4,0,1\,250\,0\,0
18446635842961452224,S,1,1,8,46,1,45,60,1726740033,676622,4294967181,4,0,0,[0\, 0\, 0\, 0\, 0\, 0\, 0\, 0]
18446635842961452224,C,1,1,8,46,1,45,0,1726740034,164858,0,4,4,0,2\,0\,0\,0
18446635842961452224,S,1,1,8,46,1,45,60,1726740034,164870,4294967181,4,0,0,[0\, 0\, 0\, 0\, 0\, 0\, 0\, 0]
18446635842961452224,C,1,1,8,46,1,45,0,1726740034,660726,0,4,4,0,2\,0\,0\,255
18446635842961452224,S,1,1,8,46,1,45,60,1726740034,660736,4294967181,4,0,0,[0\, 0\, 0\, 0\, 0\, 0\, 0\, 0]
18446635842961452224,C,1,1,8,46,1,45,0,1726740035,620811,0,4,4,0,2\,0\,4\,0
18446635842961452224,S,1,1,8,46,1,45,60,1726740035,620837,4294967181,4,0,0,[0\, 0\, 0\, 0\, 0\, 0\, 0\, 0]
18446635842961452224,C,1,1,8,46,1,45,0,1726740035,628839,0,4,4,0,1\,45\,0\,0
18446635842961452224,S,1,1,8,46,1,45,60,1726740035,628851,4294967181,4,0,0,[0\, 0\, 0\, 0\, 0\, 0\, 0\, 0]
18446635842961452224,C,1,1,8,46,1,45,0,1726740036,124870,0,4,4,0,2\,0\,0\,0
18446635842961452224,S,1,1,8,46,1,45,60,1726740036,124882,4294967181,4,0,0,[0\, 0\, 0\, 0\, 0\, 0\, 0\, 0]
18446635842961452224,C,1,1,8,46,1,45,0,1726740036,620649,0,4,4,0,2\,0\,0\,5
18446635842961452224,S,1,1,8,46,1,45,60,1726740036,620658,4294967181,4,0,0,[0\, 0\, 0\, 0\, 0\, 0\, 0\, 0]
18446635842961452224,C,1,1,8,46,1,45,0,1726740037,308838,0,4,4,0,2\,0\,75\,0
18446635842961452224,S,1,1,8,46,1,45,60,1726740037,308849,4294967181,4,0,0,[0\, 0\, 0\, 0\, 0\, 0\, 0\, 0]
18446635842961452224,C,1,1,8,46,1,45,0,1726740037,316872,0,4,4,0,1\,42\,0\,0
18446635842961452224,S,1,1,8,46,1,45,60,1726740037,316884,4294967181,4,0,0,[0\, 0\, 0\, 0\, 0\, 0\, 0\, 0]
18446635842961452224,C,1,1,8,46,1,45,0,1726740037,804878,0,4,4,0,2\,0\,0\,0
18446635842961452224,S,1,1,8,46,1,45,60,1726740037,804890,4294967181,4,0,0,[0\, 0\, 0\, 0\, 0\, 0\, 0\, 0]
18446635842961452224,C,1,1,8,46,1,45,0,1726740038,300870,0,4,4,0,2\,0\,0\,254
18446635842961452224,S,1,1,8,46,1,45,60,1726740038,300882,4294967181,4,0,0,[0\, 0\, 0\, 0\, 0\, 0\, 0\, 0]
18446635842961452224,C,1,1,8,46,1,45,0,1726740039,52874,0,4,4,0,2\,0\,99\,0
18446635842961452224,S,1,1,8,46,1,45,60,1726740039,52886,4294967181,4,0,0,[0\, 0\, 0\, 0\, 0\, 0\, 0\, 0]
18446635842961452224,C,1,1,8,46,1,45,0,1726740039,60845,0,4,4,0,1\,216\,0\,0
18446635842961452224,S,1,1,8,46,1,45,60,1726740039,60873,4294967181,4,0,0,[0\, 0\, 0\, 0\, 0\, 0\, 0\, 0]
18446635842961452224,C,1,1,8,46,1,45,0,1726740039,556881,0,4,4,0,2\,0\,0\,0
18446635842961452224,S,1,1,8,46,1,45,60,1726740039,556894,4294967181,4,0,0,[0\, 0\, 0\, 0\, 0\, 0\, 0\, 0]
18446635842961452224,C,1,1,8,46,1,45,0,1726740040,52881,0,4,4,0,2\,0\,0\,4
18446635842961452224,S,1,1,8,46,1,45,60,1726740040,52893,4294967181,4,0,0,[0\, 0\, 0\, 0\, 0\, 0\, 0\, 0]
18446635842961452224,C,1,1,8,46,1,45,0,1726740040,940886,0,4,4,0,2\,0\,57\,0
18446635842961452224,S,1,1,8,46,1,45,60,1726740040,940898,4294967181,4,0,0,[0\, 0\, 0\, 0\, 0\, 0\, 0\, 0]
18446635842961452224,C,1,1,8,46,1,45,0,1726740040,948889,0,4,4,0,1\,95\,0\,0
18446635842961452224,S,1,1,8,46,1,45,60,1726740040,948901,4294967181,4,0,0,[0\, 0\, 0\, 0\, 0\, 0\, 0\, 0]
18446635842961452224,C,1,1,8,46,1,45,0,1726740041,444858,0,4,4,0,2\,0\,0\,0
18446635842961452224,S,1,1,8,46,1,45,60,1726740041,444869,4294967181,4,0,0,[0\, 0\, 0\, 0\, 0\, 0\, 0\, 0]
18446635842961452224,C,1,1,8,46,1,45,0,1726740041,940890,0,4,4,0,2\,0\,0\,3
18446635842961452224,S,1,1,8,46,1,45,60,1726740041,940902,4294967181,4,0,0,[0\, 0\, 0\, 0\, 0\, 0\, 0\, 0]
18446635842961452224,C,1,1,8,46,1,45,0,1726740042,900869,0,4,4,0,2\,0\,68\,0
18446635842961452224,S,1,1,8,46,1,45,60,1726740042,900881,4294967181,4,0,0,[0\, 0\, 0\, 0\, 0\, 0\, 0\, 0]
18446635842961452224,C,1,1,8,46,1,45,0,1726740042,908895,0,4,4,0,1\,162\,0\,0
18446635842961452224,S,1,1,8,46,1,45,60,1726740042,908908,4294967181,4,0,0,[0\, 0\, 0\, 0\, 0\, 0\, 0\, 0]
18446635842961452224,C,1,1,8,46,1,45,0,1726740043,396842,0,4,4,0,2\,0\,0\,0
18446635842961452224,S,1,1,8,46,1,45,60,1726740043,396854,4294967181,4,0,0,[0\, 0\, 0\, 0\, 0\, 0\, 0\, 0]
18446635842961452224,C,1,1,8,46,1,45,0,1726740043,892863,0,4,4,0,2\,0\,0\,248
18446635842961452224,S,1,1,8,46,1,45,60,1726740043,892876,4294967181,4,0,0,[0\, 0\, 0\, 0\, 0\, 0\, 0\, 0]
18446635842961452224,C,1,1,8,46,1,45,0,1726740044,652873,0,4,4,0,2\,0\,62\,0
18446635842961452224,S,1,1,8,46,1,45,60,1726740044,652900,4294967181,4,0,0,[0\, 0\, 0\, 0\, 0\, 0\, 0\, 0]
18446635842961452224,C,1,1,8,46,1,45,0,1726740044,660742,0,4,4,0,1\,238\,0\,0
18446635842961452224,S,1,1,8,46,1,45,60,1726740044,660755,4294967181,4,0,0,[0\, 0\, 0\, 0\, 0\, 0\, 0\, 0]
18446635842961452224,C,1,1,8,46,1,45,0,1726740045,148903,0,4,4,0,2\,0\,0\,0
18446635842961452224,S,1,1,8,46,1,45,60,1726740045,148915,4294967181,4,0,0,[0\, 0\, 0\, 0\, 0\, 0\, 0\, 0]
18446635842961452224,C,1,1,8,46,1,45,0,1726740045,644861,0,4,4,0,2\,0\,0\,253
18446635842961452224,S,1,1,8,46,1,45,60,1726740045,644873,4294967181,4,0,0,[0\, 0\, 0\, 0\, 0\, 0\, 0\, 0]
18446635842961452224,C,1,1,8,46,1,45,0,1726740046,548907,0,4,4,0,2\,0\,208\,0
18446635842961452224,S,1,1,8,46,1,45,60,1726740046,548919,4294967181,4,0,0,[0\, 0\, 0\, 0\, 0\, 0\, 0\, 0]
18446635842961452224,C,1,1,8,46,1,45,0,1726740046,556851,0,4,4,0,1\,251\,0\,0
18446635842961452224,S,1,1,8,46,1,45,60,1726740046,556864,4294967181,4,0,0,[0\, 0\, 0\, 0\, 0\, 0\, 0\, 0]
18446635842961452224,C,1,1,8,46,1,45,0,1726740047,44856,0,4,4,0,2\,0\,0\,0
18446635842961452224,S,1,1,8,46,1,45,60,1726740047,44869,4294967181,4,0,0,[0\, 0\, 0\, 0\, 0\, 0\, 0\, 0]
18446635842961452224,C,1,1,8,46,1,45,0,1726740047,540839,0,4,4,0,2\,0\,0\,1
18446635842961452224,S,1,1,8,46,1,45,60,1726740047,540851,4294967181,4,0,0,[0\, 0\, 0\, 0\, 0\, 0\, 0\, 0]
18446635842961452224,C,1,1,8,46,1,45,0,1726740048,236905,0,4,4,0,2\,0\,12\,0
18446635842961452224,S,1,1,8,46,1,45,60,1726740048,236917,4294967181,4,0,0,[0\, 0\, 0\, 0\, 0\, 0\, 0\, 0]
18446635842961452224,C,1,1,8,46,1,45,0,1726740048,244879,0,4,4,0,1\,90\,0\,0
18446635842961452224,S,1,1,8,46,1,45,60,1726740048,244904,4294967181,4,0,0,[0\, 0\, 0\, 0\, 0\, 0\, 0\, 0]
18446635842961452224,C,1,1,8,46,1,45,0,1726740048,732827,0,4,4,0,2\,0\,0\,0
18446635842961452224,S,1,1,8,46,1,45,60,1726740048,732839,4294967181,4,0,0,[0\, 0\, 0\, 0\, 0\, 0\, 0\, 0]
18446635842961452224,C,1,1,8,46,1,45,0,1726740049,228789,0,4,4,0,2\,0\,0\,8
18446635842961452224,S,1,1,8,46,1,45,60,1726740049,228799,4294967181,4,0,0,[0\, 0\, 0\, 0\, 0\, 0\, 0\, 0]
18446635842961452224,C,1,1,8,46,1,45,0,1726740050,116691,0,4,4,0,2\,0\,187\,0
18446635842961452224,S,1,1,8,46,1,45,60,1726740050,116705,4294967181,4,0,0,[0\, 0\, 0\, 0\, 0\, 0\, 0\, 0]
18446635842961452224,C,1,1,8,46,1,45,0,1726740050,124869,0,4,4,0,1\,172\,0\,0
18446635842961452224,S,1,1,8,46,1,45,60,1726740050,124886,4294967181,4,0,0,[0\, 0\, 0\, 0\, 0\, 0\, 0\, 0]
18446635842961452224,C,1,1,8,46,1,45,0,1726740050,620904,0,4,4,0,2\,0\,0\,0
18446635842961452224,S,1,1,8,46,1,45,60,1726740050,620920,4294967181,4,0,0,[0\, 0\, 0\, 0\, 0\, 0\, 0\, 0]
18446635842961452224,C,1,1,8,46,1,45,0,1726740051,116912,0,4,4,0,2\,0\,0\,246
18446635842961452224,S,1,1,8,46,1,45,60,1726740051,116927,4294967181,4,0,0,[0\, 0\, 0\, 0\, 0\, 0\, 0\, 0]
18446635842961452224,C,1,1,8,46,1,45,0,1726740051,932862,0,4,4,0,2\,0\,90\,0
18446635842961452224,S,1,1,8,46,1,45,60,1726740051,932877,4294967181,4,0,0,[0\, 0\, 0\, 0\, 0\, 0\, 0\, 0]
18446635842961452224,C,1,1,8,46,1,45,0,1726740051,940884,0,4,4,0,1\,35\,0\,0
18446635842961452224,S,1,1,8,46,1,45,60,1726740051,940901,4294967181,4,0,0,[0\, 0\, 0\, 0\, 0\, 0\, 0\, 0]
18446635842961452224,C,1,1,8,46,1,45,0,1726740052,428908,0,4,4,0,2\,0\,0\,0
18446635842961452224,S,1,1,8,46,1,45,60,1726740052,428924,4294967181,4,0,0,[0\, 0\, 0\, 0\, 0\, 0\, 0\, 0]
18446635842961452224,C,1,1,8,46,1,45,0,1726740052,924925,0,4,4,0,2\,0\,0\,2
18446635842961452224,S,1,1,8,46,1,45,60,1726740052,924941,4294967181,4,0,0,[0\, 0\, 0\, 0\, 0\, 0\, 0\, 0]
18446635842961452224,C,1,1,8,46,1,45,0,1726740053,660852,0,4,4,0,2\,0\,162\,0
18446635842961452224,S,1,1,8,46,1,45,60,1726740053,660867,4294967181,4,0,0,[0\, 0\, 0\, 0\, 0\, 0\, 0\, 0]
18446635842961452224,C,1,1,8,46,1,45,0,1726740053,668879,0,4,4,0,1\,251\,0\,0
18446635842961452224,S,1,1,8,46,1,45,60,1726740053,668896,4294967181,4,0,0,[0\, 0\, 0\, 0\, 0\, 0\, 0\, 0]
18446635842961452224,C,1,1,8,46,1,45,0,1726740054,156934,0,4,4,0,2\,0\,0\,0
18446635842961452224,S,1,1,8,46,1,45,60,1726740054,156949,4294967181,4,0,0,[0\, 0\, 0\, 0\, 0\, 0\, 0\, 0]
18446635842961452224,C,1,1,8,46,1,45,0,1726740054,660881,0,4,4,0,2\,0\,0\,4
18446635842961452224,S,1,1,8,46,1,45,60,1726740054,660897,4294967181,4,0,0,[0\, 0\, 0\, 0\, 0\, 0\, 0\, 0]
18446635842961452224,C,1,1,8,46,1,45,0,1726740055,420938,0,4,4,0,2\,0\,19\,0
18446635842961452224,S,1,1,8,46,1,45,60,1726740055,420953,4294967181,4,0,0,[0\, 0\, 0\, 0\, 0\, 0\, 0\, 0]
18446635842961452224,C,1,1,8,46,1,45,0,1726740055,428787,0,4,4,0,1\,245\,0\,0
18446635842961452224,S,1,1,8,46,1,45,60,1726740055,428803,4294967181,4,0,0,[0\, 0\, 0\, 0\, 0\, 0\, 0\, 0]
18446635842961452224,C,1,1,8,46,1,45,0,1726740055,916938,0,4,4,0,2\,0\,0\,0
18446635842961452224,S,1,1,8,46,1,45,60,1726740055,916954,4294967181,4,0,0,[0\, 0\, 0\, 0\, 0\, 0\, 0\, 0]
18446635842961452224,C,1,1,8,46,1,45,0,1726740056,412925,0,4,4,0,2\,0\,0\,251
18446635842961452224,S,1,1,8,46,1,45,60,1726740056,412941,4294967181,4,0,0,[0\, 0\, 0\, 0\, 0\, 0\, 0\, 0]
18446635842961452224,C,1,1,8,46,1,45,0,1726740057,372946,0,4,4,0,2\,0\,60\,0
18446635842961452224,S,1,1,8,46,1,45,60,1726740057,372961,4294967181,4,0,0,[0\, 0\, 0\, 0\, 0\, 0\, 0\, 0]
18446635842961452224,C,1,1,8,46,1,45,0,1726740057,380939,0,4,4,0,1\,23\,0\,0
18446635842961452224,S,1,1,8,46,1,45,60,1726740057,380955,4294967181,4,0,0,[0\, 0\, 0\, 0\, 0\, 0\, 0\, 0]
18446635842961452224,C,1,1,8,46,1,45,0,1726740057,868947,0,4,4,0,2\,0\,0\,0
18446635842961452224,S,1,1,8,46,1,45,60,1726740057,868963,4294967181,4,0,0,[0\, 0\, 0\, 0\, 0\, 0\, 0\, 0]
18446635842961452224,C,1,1,8,46,1,45,0,1726740058,364947,0,4,4,0,2\,0\,0\,3
18446635842961452224,S,1,1,8,46,1,45,60,1726740058,364962,4294967181,4,0,0,[0\, 0\, 0\, 0\, 0\, 0\, 0\, 0]
18446635842961452224,C,1,1,8,46,1,45,0,1726740059,172896,0,4,4,0,2\,0\,6\,0
18446635842961452224,S,1,1,8,46,1,45,60,1726740059,172911,4294967181,4,0,0,[0\, 0\, 0\, 0\, 0\, 0\, 0\, 0]
18446635842961452224,C,1,1,8,46,1,45,0,1726740059,180948,0,4,4,0,1\,194\,0\,0
18446635842961452224,S,1,1,8,46,1,45,60,1726740059,180964,4294967181,4,0,0,[0\, 0\, 0\, 0\, 0\, 0\, 0\, 0]
18446635842961452224,C,1,1,8,46,1,45,0,1726740059,668942,0,4,4,0,2\,0\,0\,0
18446635842961452224,S,1,1,8,46,1,45,60,1726740059,668974,4294967181,4,0,0,[0\, 0\, 0\, 0\, 0\, 0\, 0\, 0]
18446635842961452224,C,1,1,8,46,1,45,0,1726740060,164947,0,4,4,0,2\,0\,0\,246
18446635842961452224,S,1,1,8,46,1,45,60,1726740060,164963,4294967181,4,0,0,[0\, 0\, 0\, 0\, 0\, 0\, 0\, 0]
18446635842961452224,C,1,1,8,46,1,45,0,1726740061,92693,0,4,4,0,2\,0\,250\,0
18446635842961452224,S,1,1,8,46,1,45,60,1726740061,92705,4294967181,4,0,0,[0\, 0\, 0\, 0\, 0\, 0\, 0\, 0]
18446635842961452224,C,1,1,8,46,1,45,0,1726740061,100871,0,4,4,0,1\,66\,0\,0
18446635842961452224,S,1,1,8,46,1,45,60,1726740061,100888,4294967181,4,0,0,[0\, 0\, 0\, 0\, 0\, 0\, 0\, 0]
18446635842961452224,C,1,1,8,46,1,45,0,1726740061,588960,0,4,4,0,2\,0\,0\,0
18446635842961452224,S,1,1,8,46,1,45,60,1726740061,588976,4294967181,4,0,0,[0\, 0\, 0\, 0\, 0\, 0\, 0\, 0]
18446635842961452224,C,1,1,8,46,1,45,0,1726740062,84958,0,4,4,0,2\,0\,0\,252
18446635842961452224,S,1,1,8,46,1,45,60,1726740062,84973,4294967181,4,0,0,[0\, 0\, 0\, 0\, 0\, 0\, 0\, 0]
18446635842961452224,C,1,1,8,46,1,45,0,1726740063,60793,0,4,4,0,2\,0\,34\,0
18446635842961452224,S,1,1,8,46,1,45,60,1726740063,60805,4294967181,4,0,0,[0\, 0\, 0\, 0\, 0\, 0\, 0\, 0]
18446635842961452224,C,1,1,8,46,1,45,0,1726740063,68908,0,4,4,0,1\,63\,0\,0
18446635842961452224,S,1,1,8,46,1,45,60,1726740063,68923,4294967181,4,0,0,[0\, 0\, 0\, 0\, 0\, 0\, 0\, 0]
18446635842961452224,C,1,1,8,46,1,45,0,1726740063,556961,0,4,4,0,2\,0\,0\,0
18446635842961452224,S,1,1,8,46,1,45,60,1726740063,556976,4294967181,4,0,0,[0\, 0\, 0\, 0\, 0\, 0\, 0\, 0]
18446635842961452224,C,1,1,8,46,1,45,0,1726740064,52875,0,4,4,0,2\,0\,0\,250
18446635842961452224,S,1,1,8,46,1,45,60,1726740064,52890,4294967181,4,0,0,[0\, 0\, 0\, 0\, 0\, 0\, 0\, 0]
18446635842961452224,C,1,1,8,46,1,45,0,1726740064,980806,0,4,4,0,2\,0\,38\,0
18446635842961452224,S,1,1,8,46,1,45,60,1726740064,980818,4294967181,4,0,0,[0\, 0\, 0\, 0\, 0\, 0\, 0\, 0]
18446635842961452224,C,1,1,8,46,1,45,0,1726740064,988974,0,4,4,0,1\,50\,0\,0
18446635842961452224,S,1,1,8,46,1,45,60,1726740064,988990,4294967181,4,0,0,[0\, 0\, 0\, 0\, 0\, 0\, 0\, 0]
18446635842961452224,C,1,1,8,46,1,45,0,1726740065,476741,0,4,4,0,2\,0\,0\,0
18446635842961452224,S,1,1,8,46,1,45,60,1726740065,476769,4294967181,4,0,0,[0\, 0\, 0\, 0\, 0\, 0\, 0\, 0]
18446635842961452224,C,1,1,8,46,1,45,0,1726740065,972972,0,4,4,0,2\,0\,0\,249
18446635842961452224,S,1,1,8,46,1,45,60,1726740065,972987,4294967181,4,0,0,[0\, 0\, 0\, 0\, 0\, 0\, 0\, 0]
18446635842961452224,C,1,1,8,46,1,45,0,1726740066,660797,0,4,4,0,2\,0\,59\,0
18446635842961452224,S,1,1,8,46,1,45,60,1726740066,660808,4294967181,4,0,0,[0\, 0\, 0\, 0\, 0\, 0\, 0\, 0]
18446635842961452224,C,1,1,8,46,1,45,0,1726740066,668976,0,4,4,0,1\,85\,0\,0
18446635842961452224,S,1,1,8,46,1,45,60,1726740066,668991,4294967181,4,0,0,[0\, 0\, 0\, 0\, 0\, 0\, 0\, 0]
18446635842961452224,C,1,1,8,46,1,45,0,1726740067,156980,0,4,4,0,2\,0\,0\,0
18446635842961452224,S,1,1,8,46,1,45,60,1726740067,156995,4294967181,4,0,0,[0\, 0\, 0\, 0\, 0\, 0\, 0\, 0]
18446635842961452224,C,1,1,8,46,1,45,0,1726740067,660922,0,4,4,0,2\,0\,0\,2
18446635842961452224,S,1,1,8,46,1,45,60,1726740067,660938,4294967181,4,0,0,[0\, 0\, 0\, 0\, 0\, 0\, 0\, 0]
18446635842961452224,C,1,1,8,46,1,45,0,1726740068,436983,0,4,4,0,2\,0\,173\,0
18446635842961452224,S,1,1,8,46,1,45,60,1726740068,436998,4294967181,4,0,0,[0\, 0\, 0\, 0\, 0\, 0\, 0\, 0]
18446635842961452224,C,1,1,8,46,1,45,0,1726740068,444963,0,4,4,0,1\,203\,0\,0
18446635842961452224,S,1,1,8,46,1,45,60,1726740068,444980,4294967181,4,0,0,[0\, 0\, 0\, 0\, 0\, 0\, 0\, 0]
18446635842961452224,C,1,1,8,46,1,45,0,1726740068,932931,0,4,4,0,2\,0\,0\,0
18446635842961452224,S,1,1,8,46,1,45,60,1726740068,932947,4294967181,4,0,0,[0\, 0\, 0\, 0\, 0\, 0\, 0\, 0]
18446635842961452224,C,1,1,8,46,1,45,0,1726740069,428970,0,4,4,0,2\,0\,0\,6
18446635842961452224,S,1,1,8,46,1,45,60,1726740069,428986,4294967181,4,0,0,[0\, 0\, 0\, 0\, 0\, 0\, 0\, 0]
18446635842961452224,C,1,1,8,46,1,45,0,1726740070,252987,0,4,4,0,2\,0\,85\,0
18446635842961452224,S,1,1,8,46,1,45,60,1726740070,253003,4294967181,4,0,0,[0\, 0\, 0\, 0\, 0\, 0\, 0\, 0]
18446635842961452224,C,1,1,8,46,1,45,0,1726740070,260766,0,4,4,0,1\,179\,0\,0
18446635842961452224,S,1,1,8,46,1,45,60,1726740070,260795,4294967181,4,0,0,[0\, 0\, 0\, 0\, 0\, 0\, 0\, 0]
18446635842961452224,C,1,1,8,46,1,45,0,1726740070,748984,0,4,4,0,2\,0\,0\,0
18446635842961452224,S,1,1,8,46,1,45,60,1726740070,749001,4294967181,4,0,0,[0\, 0\, 0\, 0\, 0\, 0\, 0\, 0]
18446635842961452224,C,1,1,8,46,1,45,0,1726740071,244882,0,4,4,0,2\,0\,0\,250
18446635842961452224,S,1,1,8,46,1,45,60,1726740071,244897,4294967181,4,0,0,[0\, 0\, 0\, 0\, 0\, 0\, 0\, 0]
18446635842961452224,C,1,1,8,46,1,45,0,1726740071,908889,0,4,4,0,2\,0\,176\,0
18446635842961452224,S,1,1,8,46,1,45,60,1726740071,908903,4294967181,4,0,0,[0\, 0\, 0\, 0\, 0\, 0\, 0\, 0]
18446635842961452224,C,1,1,8,46,1,45,0,1726740071,916822,0,4,4,0,1\,35\,0\,0
18446635842961452224,S,1,1,8,46,1,45,60,1726740071,916835,4294967181,4,0,0,[0\, 0\, 0\, 0\, 0\, 0\, 0\, 0]
18446635842961452224,C,1,1,8,46,1,45,0,1726740072,404775,0,4,4,0,2\,0\,0\,0
18446635842961452224,S,1,1,8,46,1,45,60,1726740072,404787,4294967181,4,0,0,[0\, 0\, 0\, 0\, 0\, 0\, 0\, 0]
18446635842961452224,C,1,1,8,46,1,45,0,1726740072,900995,0,4,4,0,2\,0\,0\,251
18446635842961452224,S,1,1,8,46,1,45,60,1726740072,901011,4294967181,4,0,0,[0\, 0\, 0\, 0\, 0\, 0\, 0\, 0]
18446635842961452224,C,1,1,8,46,1,45,0,1726740073,717006,0,4,4,0,2\,0\,15\,0
18446635842961452224,S,1,1,8,46,1,45,60,1726740073,717022,4294967181,4,0,0,[0\, 0\, 0\, 0\, 0\, 0\, 0\, 0]
18446635842961452224,C,1,1,8,46,1,45,0,1726740073,724891,0,4,4,0,1\,198\,0\,0
18446635842961452224,S,1,1,8,46,1,45,60,1726740073,724906,4294967181,4,0,0,[0\, 0\, 0\, 0\, 0\, 0\, 0\, 0]
18446635842961452224,C,1,1,8,46,1,45,0,1726740074,221001,0,4,4,0,2\,0\,0\,0
18446635842961452224,S,1,1,8,46,1,45,60,1726740074,221018,4294967181,4,0,0,[0\, 0\, 0\, 0\, 0\, 0\, 0\, 0]
18446635842961452224,C,1,1,8,46,1,45,0,1726740074,716957,0,4,4,0,2\,0\,0\,9
18446635842961452224,S,1,1,8,46,1,45,60,1726740074,716972,4294967181,4,0,0,[0\, 0\, 0\, 0\, 0\, 0\, 0\, 0]
18446635842961452224,C,1,1,8,46,1,45,0,1726740075,357008,0,4,4,0,2\,0\,167\,0
18446635842961452224,S,1,1,8,46,1,45,60,1726740075,357024,4294967181,4,0,0,[0\, 0\, 0\, 0\, 0\, 0\, 0\, 0]
18446635842961452224,C,1,1,8,46,1,45,0,1726740075,365011,0,4,4,0,1\,200\,0\,0
18446635842961452224,S,1,1,8,46,1,45,60,1726740075,365028,4294967181,4,0,0,[0\, 0\, 0\, 0\, 0\, 0\, 0\, 0]
18446635842961452224,C,1,1,8,46,1,45,0,1726740075,860794,0,4,4,0,2\,0\,0\,0
18446635842961452224,S,1,1,8,46,1,45,60,1726740075,860807,4294967181,4,0,0,[0\, 0\, 0\, 0\, 0\, 0\, 0\, 0]
18446635842961452224,C,1,1,8,46,1,45,0,1726740076,357014,0,4,4,0,2\,0\,0\,8
18446635842961452224,S,1,1,8,46,1,45,60,1726740076,357030,4294967181,4,0,0,[0\, 0\, 0\, 0\, 0\, 0\, 0\, 0]
18446635842961452224,C,1,1,8,46,1,45,0,1726740077,189014,0,4,4,0,2\,0\,251\,0
18446635842961452224,S,1,1,8,46,1,45,60,1726740077,189029,4294967181,4,0,0,[0\, 0\, 0\, 0\, 0\, 0\, 0\, 0]
18446635842961452224,C,1,1,8,46,1,45,0,1726740077,196994,0,4,4,0,1\,248\,0\,0
18446635842961452224,S,1,1,8,46,1,45,60,1726740077,197011,4294967181,4,0,0,[0\, 0\, 0\, 0\, 0\, 0\, 0\, 0]
18446635842961452224,C,1,1,8,46,1,45,0,1726740077,684964,0,4,4,0,2\,0\,0\,0
18446635842961452224,S,1,1,8,46,1,45,60,1726740077,684981,4294967181,4,0,0,[0\, 0\, 0\, 0\, 0\, 0\, 0\, 0]
18446635842961452224,C,1,1,8,46,1,45,0,1726740078,181003,0,4,4,0,2\,0\,0\,1
18446635842961452224,S,1,1,8,46,1,45,60,1726740078,181019,4294967181,4,0,0,[0\, 0\, 0\, 0\, 0\, 0\, 0\, 0]
18446635842961452224,C,1,1,8,46,1,45,0,1726740078,853028,0,4,4,0,2\,0\,171\,0
18446635842961452224,S,1,1,8,46,1,45,60,1726740078,853043,4294967181,4,0,0,[0\, 0\, 0\, 0\, 0\, 0\, 0\, 0]
18446635842961452224,C,1,1,8,46,1,45,0,1726740078,860962,0,4,4,0,1\,225\,0\,0
18446635842961452224,S,1,1,8,46,1,45,60,1726740078,860978,4294967181,4,0,0,[0\, 0\, 0\, 0\, 0\, 0\, 0\, 0]
18446635842961452224,C,1,1,8,46,1,45,0,1726740079,357022,0,4,4,0,2\,0\,0\,0
18446635842961452224,S,1,1,8,46,1,45,60,1726740079,357038,4294967181,4,0,0,[0\, 0\, 0\, 0\, 0\, 0\, 0\, 0]
18446635842961452224,C,1,1,8,46,1,45,0,1726740079,853014,0,4,4,0,2\,0\,0\,3
18446635842961452224,S,1,1,8,46,1,45,60,1726740079,853030,4294967181,4,0,0,[0\, 0\, 0\, 0\, 0\, 0\, 0\, 0]
18446635842961452224,C,1,1,8,46,1,45,0,1726740080,781021,0,4,4,0,2\,0\,97\,0
18446635842961452224,S,1,1,8,46,1,45,60,1726740080,781036,4294967181,4,0,0,[0\, 0\, 0\, 0\, 0\, 0\, 0\, 0]
18446635842961452224,C,1,1,8,46,1,45,0,1726740080,789032,0,4,4,0,1\,181\,0\,0
18446635842961452224,S,1,1,8,46,1,45,60,1726740080,789048,4294967181,4,0,0,[0\, 0\, 0\, 0\, 0\, 0\, 0\, 0]
18446635842961452224,C,1,1,8,46,1,45,0,1726740081,276872,0,4,4,0,2\,0\,0\,0
18446635842961452224,S,1,1,8,46,1,45,60,1726740081,276885,4294967181,4,0,0,[0\, 0\, 0\, 0\, 0\, 0\, 0\, 0]
18446635842961452224,C,1,1,8,46,1,45,0,1726740081,773031,0,4,4,0,2\,0\,0\,248
18446635842961452224,S,1,1,8,46,1,45,60,1726740081,773047,4294967181,4,0,0,[0\, 0\, 0\, 0\, 0\, 0\, 0\, 0]
18446635842961452224,C,1,1,8,46,1,45,0,1726740082,573028,0,4,4,0,2\,0\,166\,0
18446635842961452224,S,1,1,8,46,1,45,60,1726740082,573044,4294967181,4,0,0,[0\, 0\, 0\, 0\, 0\, 0\, 0\, 0]
18446635842961452224,C,1,1,8,46,1,45,0,1726740082,580998,0,4,4,0,1\,164\,0\,0
18446635842961452224,S,1,1,8,46,1,45,60,1726740082,581014,4294967181,4,0,0,[0\, 0\, 0\, 0\, 0\, 0\, 0\, 0]
18446635842961452224,C,1,1,8,46,1,45,0,1726740083,69034,0,4,4,0,2\,0\,0\,0
18446635842961452224,S,1,1,8,46,1,45,60,1726740083,69051,4294967181,4,0,0,[0\, 0\, 0\, 0\, 0\, 0\, 0\, 0]
18446635842961452224,C,1,1,8,46,1,45,0,1726740083,573041,0,4,4,0,2\,0\,0\,247
18446635842961452224,S,1,1,8,46,1,45,60,1726740083,573056,4294967181,4,0,0,[0\, 0\, 0\, 0\, 0\, 0\, 0\, 0]
18446635842961452224,C,1,1,8,46,1,45,0,1726740084,428996,0,4,4,0,2\,0\,77\,0
18446635842961452224,S,1,1,8,46,1,45,60,1726740084,429011,4294967181,4,0,0,[0\, 0\, 0\, 0\, 0\, 0\, 0\, 0]
18446635842961452224,C,1,1,8,46,1,45,0,1726740084,436883,0,4,4,0,1\,35\,0\,0
18446635842961452224,S,1,1,8,46,1,45,60,1726740084,436898,4294967181,4,0,0,[0\, 0\, 0\, 0\, 0\, 0\, 0\, 0]
18446635842961452224,C,1,1,8,46,1,45,0,1726740084,924838,0,4,4,0,2\,0\,0\,0
18446635842961452224,S,1,1,8,46,1,45,60,1726740084,924853,4294967181,4,0,0,[0\, 0\, 0\, 0\, 0\, 0\, 0\, 0]
18446635842961452224,C,1,1,8,46,1,45,0,1726740085,421049,0,4,4,0,2\,0\,0\,5
18446635842961452224,S,1,1,8,46,1,45,60,1726740085,421065,4294967181,4,0,0,[0\, 0\, 0\, 0\, 0\, 0\, 0\, 0]
18446635842961452224,C,1,1,8,46,1,45,0,1726740086,381019,0,4,4,0,2\,0\,224\,0
18446635842961452224,S,1,1,8,46,1,45,60,1726740086,381034,4294967181,4,0,0,[0\, 0\, 0\, 0\, 0\, 0\, 0\, 0]
18446635842961452224,C,1,1,8,46,1,45,0,1726740086,389055,0,4,4,0,1\,67\,0\,0
18446635842961452224,S,1,1,8,46,1,45,60,1726740086,389072,4294967181,4,0,0,[0\, 0\, 0\, 0\, 0\, 0\, 0\, 0]
18446635842961452224,C,1,1,8,46,1,45,0,1726740086,876843,0,4,4,0,2\,0\,0\,0
18446635842961452224,S,1,1,8,46,1,45,60,1726740086,876857,4294967181,4,0,0,[0\, 0\, 0\, 0\, 0\, 0\, 0\, 0]
18446635842961452224,C,1,1,8,46,1,45,0,1726740087,373058,0,4,4,0,2\,0\,0\,4
18446635842961452224,S,1,1,8,46,1,45,60,1726740087,373073,4294967181,4,0,0,[0\, 0\, 0\, 0\, 0\, 0\, 0\, 0]
18446635842961452224,C,1,1,8,46,1,45,0,1726740088,245015,0,4,4,0,2\,0\,195\,0
18446635842961452224,S,1,1,8,46,1,45,60,1726740088,245030,4294967181,4,0,0,[0\, 0\, 0\, 0\, 0\, 0\, 0\, 0]
18446635842961452224,C,1,1,8,46,1,45,0,1726740088,253014,0,4,4,0,1\,56\,0\,0
18446635842961452224,S,1,1,8,46,1,45,60,1726740088,253031,4294967181,4,0,0,[0\, 0\, 0\, 0\, 0\, 0\, 0\, 0]
18446635842961452224,C,1,1,8,46,1,45,0,1726740088,757209,4294967225,0,0,0,[0\, 0\, 0\, 0\, 0\, 0\, 0\, 0]
18446635842961452224,S,1,1,8,46,1,45,60,1726740088,770927,4294967181,4,0,0,[0\, 0\, 0\, 0\, 0\, 0\, 0\, 0]
18446635842961452224,C,1,1,8,46,1,45,0,1726740088,789176,4294967225,0,0,0,[0\, 0\, 0\, 0\, 0\, 0\, 0\, 0]
18446635842961452224,S,1,1,8,46,1,45,60,1726740088,815689,4294967181,4,0,0,[0\, 0\, 0\, 0\, 0\, 0\, 0\, 0]
18446635842961451840,C,1,1,8,7,1,45,0,1726740088,828887,0,1,1,0,[0\, 0\, 0\, 0\, 0\, 0\, 0\, 0]
