tot_fw_pk,tot_bw_pk,tot_l_fw_pkt,fw_pkt_l_max,fw_pkt_l_min,fw_pkt_l_avg,fw_pkt_l_std,tot_l_bw_pkt,bw_pkt_l_max,bw_pkt_l_min,bw_pkt_l_avg,bw_pkt_l_std,fl_dur,fw_fl_byt_s,bw_fl_byt_s,fw_iat_tot,fw_iat_avg,fw_iat_std,fw_iat_max,fw_iat_min,bw_iat_tot,bw_iat_avg,bw_iat_std,bw_iat_max,bw_iat_min,Label_code,Label_Desc
6,0,1496,350,48,249.33333333333334,155.95212940728533,0,0,0,0.0,0.0,0.30719900131225586,4869.807498102424,0.0,0.30719900131225586,0.061439800262451175,0.0560730077351126,0.10241413116455078,1.0967254638671875e-05,0.0,0.0,0.0,0.0,0.0,0,Benign
6,0,288,48,48,48.0,0.0,0,0,0,0.0,0.0,1.2874603271484375e-05,22369621.333333332,0.0,1.2874603271484375e-05,2.574920654296875e-06,5.168791625184727e-07,3.0994415283203125e-06,1.9073486328125e-06,0.0,0.0,0.0,0.0,0.0,0,Benign
6,0,1798,350,48,299.6666666666667,123.29098372008661,0,0,0,0.0,0.0,0.5121960639953613,3510.3744959982423,0.0,0.5121960639953613,0.10243921279907227,0.00019931931529409343,0.10265707969665527,0.1021571159362793,0.0,0.0,0.0,0.0,0.0,0,Benign
6,0,1496,350,48,249.33333333333334,155.95212940728533,0,0,0,0.0,0.0,0.30725908279418945,4868.8552552962665,0.0,0.30725908279418945,0.06145181655883789,0.056094245993515535,0.10351014137268066,9.059906005859375e-06,0.0,0.0,0.0,0.0,0.0,0,Benign
6,0,288,48,48,48.0,0.0,0,0,0,0.0,0.0,1.2159347534179688e-05,23685481.411764707,0.0,1.2159347534179688e-05,2.4318695068359373e-06,3.9176170170676666e-07,2.86102294921875e-06,2.1457672119140625e-06,0.0,0.0,0.0,0.0,0.0,0,Benign
5,1,1448,350,48,289.6,135.0585058409873,211,211,211,211.0,,28.203058004379272,51.341950216007056,7.481458215177824,0.4095940589904785,0.10239851474761963,4.179040862773632e-05,0.10245800018310547,0.10236406326293945,27.793463945388794,27.793463945388794,,27.793463945388794,27.793463945388794,0,Benign
3,3,4302,1434,1434,1434.0,0.0,307,211,48,102.33333333333333,94.108093877909,0.0004100799560546875,10490637.097674418,748634.4930232558,0.0002849102020263672,9.497006734212239e-05,6.980020328312906e-05,0.00016999244689941406,3.1948089599609375e-05,0.0001251697540283203,6.258487701416016e-05,1.0621005824745295e-05,7.009506225585938e-05,5.507469177246094e-05,0,Benign
4,2,4350,1434,48,1087.5,693.0,259,211,48,129.5,115.25840533340725,0.0004210472106933594,10331383.012457531,615132.919592299,0.0003428459167480469,0.00011428197224934895,9.534726326986546e-05,0.00018906593322753906,6.9141387939453125e-06,7.82012939453125e-05,3.910064697265625e-05,7.080670549830197e-06,4.410743713378906e-05,3.409385681152344e-05,0,Benign
6,0,288,48,48,48.0,0.0,0,0,0,0.0,0.0,1.5020370483398438e-05,19173961.14285714,0.0,1.5020370483398438e-05,3.0040740966796874e-06,5.984258841519896e-07,3.814697265625e-06,2.1457672119140625e-06,0.0,0.0,0.0,0.0,0.0,0,Benign
4,2,2964,1434,48,741.0,800.2074730968213,259,211,48,129.5,115.25840533340725,0.0003170967102050781,9347306.057142857,816785.5157894737,0.00020623207092285156,6.874402364095052e-05,0.00011452665031704819,0.0002009868621826172,2.1457672119140625e-06,0.00011086463928222656,5.543231964111328e-05,9.272306672396687e-06,6.198883056640625e-05,4.887580871582031e-05,0,Benign
2,4,2868,1434,1434,1434.0,0.0,518,211,48,129.5,94.108093877909,0.002604961395263672,1100976.0087863812,198851.3153944719,0.002393960952758789,0.0011969804763793945,0.001571403099880173,0.0023081302642822266,8.58306884765625e-05,0.0002110004425048828,7.033348083496094e-05,1.6233486681508257e-05,8.797645568847656e-05,5.602836608886719e-05,0,Benign
4,2,5736,1434,1434,1434.0,0.0,259,211,48,129.5,115.25840533340725,0.011694908142089844,490469.86349180463,22146.390279703173,0.011556863784790039,0.003852287928263346,0.0032001638846038405,0.005861043930053711,0.00016188621520996094,0.0001380443572998047,6.902217864990234e-05,7.2492579438737736e-06,7.414817810058594e-05,6.389617919921875e-05,0,Benign
4,2,1578,1434,48,394.5,693.0,259,211,48,129.5,115.25840533340725,4.100799560546875e-05,38480300.65116279,6315841.488372093,2.5987625122070312e-05,6.496906280517578e-06,3.565002253430189e-06,1.0013580322265625e-05,2.86102294921875e-06,1.5020370483398438e-05,1.5020370483398438e-05,,1.5020370483398438e-05,1.5020370483398438e-05,0,Benign
6,0,288,48,48,48.0,0.0,0,0,0,0.0,0.0,1.2874603271484375e-05,22369621.333333332,0.0,1.2874603271484375e-05,2.574920654296875e-06,5.168791625184727e-07,3.0994415283203125e-06,1.9073486328125e-06,0.0,0.0,0.0,0.0,0.0,0,Benign
3,3,4302,1434,1434,1434.0,0.0,470,211,48,156.66666666666666,94.108093877909,0.019701004028320312,218364.50537322104,23856.65214444767,0.019488096237182617,0.009744048118591309,0.013607531510227247,0.019366025924682617,0.0001220703125,0.0002129077911376953,7.096926371256511e-05,4.519924138371934e-05,0.00010895729064941406,2.09808349609375e-05,0,Benign
3,3,4302,1434,1434,1434.0,0.0,307,211,48,102.33333333333333,94.108093877909,0.002741098403930664,1569443.8382186657,111998.89779942593,0.0026650428771972656,0.0008883476257324219,0.0012823899305278086,0.0023679733276367188,9.799003601074219e-05,7.605552673339844e-05,3.802776336669922e-05,2.3770822560144233e-05,5.4836273193359375e-05,2.1219253540039062e-05,0,Benign
4,2,4350,1434,48,1087.5,693.0,259,211,48,129.5,115.25840533340725,0.000370025634765625,11755942.268041236,699951.5051546391,0.000244140625,8.138020833333333e-05,0.00011422025082001902,0.0002129077911376953,7.152557373046875e-06,0.000125885009765625,6.29425048828125e-05,4.383272245132979e-06,6.604194641113281e-05,5.984306335449219e-05,0,Benign
6,0,288,48,48,48.0,0.0,0,0,0,0.0,0.0,1.3113021850585938e-05,21962900.945454545,0.0,1.3113021850585938e-05,2.6226043701171875e-06,6.529361695112778e-07,3.0994415283203125e-06,1.9073486328125e-06,0.0,0.0,0.0,0.0,0.0,0,Benign
4,2,2964,1434,48,741.0,800.2074730968213,259,211,48,129.5,115.25840533340725,0.0050089359283447266,591742.4463801228,51707.58893807416,0.004931926727294922,0.0016439755757649739,0.0027049564607606437,0.004765987396240234,1.9073486328125e-06,7.700920104980469e-05,3.8504600524902344e-05,2.343364777205708e-05,5.507469177246094e-05,2.193450927734375e-05,0,Benign
2,4,2868,1434,1434,1434.0,0.0,518,211,48,129.5,94.108093877909,0.006066083908081055,472792.6687890579,85392.81814251465,0.0059452056884765625,0.0029726028442382812,0.003933481077824718,0.005753993988037109,0.00019121170043945312,0.00012087821960449219,4.029273986816406e-05,2.6446198699688048e-05,7.081031799316406e-05,2.4080276489257812e-05,0,Benign
4,2,5736,1434,1434,1434.0,0.0,259,211,48,129.5,115.25840533340725,0.006348848342895508,903470.9431071389,40794.8002553607,0.00619196891784668,0.0020639896392822266,0.002387886763053113,0.004734039306640625,0.00013303756713867188,0.00015687942504882812,7.843971252441406e-05,1.348699152348609e-05,8.797645568847656e-05,6.890296936035156e-05,0,Benign
4,2,1578,1434,48,394.5,693.0,259,211,48,129.5,115.25840533340725,7.987022399902344e-05,19757049.886567164,3242760.405970149,7.581710815429688e-05,1.895427703857422e-05,2.7391171671613556e-05,5.984306335449219e-05,2.86102294921875e-06,4.0531158447265625e-06,4.0531158447265625e-06,,4.0531158447265625e-06,4.0531158447265625e-06,0,Benign
6,0,288,48,48,48.0,0.0,0,0,0,0.0,0.0,1.1920928955078125e-05,24159191.04,0.0,1.1920928955078125e-05,2.384185791015625e-06,5.591411304263389e-07,3.0994415283203125e-06,1.9073486328125e-06,0.0,0.0,0.0,0.0,0.0,0,Benign
4,2,4652,1434,350,1163.0,542.0,259,211,48,129.5,115.25840533340725,0.0022170543670654297,2098279.6223249813,116821.67286805033,0.0021119117736816406,0.0007039705912272135,0.0010024427128848918,0.0018589496612548828,6.008148193359375e-05,0.00010514259338378906,5.257129669189453e-05,7.131246768043271e-05,0.000102996826171875,2.1457672119140625e-06,0,Benign
2,4,2868,1434,1434,1434.0,0.0,518,211,48,129.5,94.108093877909,0.0004792213439941406,5984708.394029851,1080920.1353233831,0.0002079010009765625,0.00010395050048828125,0.00014431080930130116,0.00020599365234375,1.9073486328125e-06,0.0002713203430175781,9.04401143391927e-05,2.757559359120517e-05,0.00011110305786132812,5.91278076171875e-05,0,Benign
5,1,4398,1434,48,879.6,759.1434647021603,211,211,211,211.0,,0.001689910888671875,2602504.0902934535,124858.65462753951,0.001580953598022461,0.00039523839950561523,0.0007631522710084056,0.0015399456024169922,9.059906005859375e-06,0.00010895729064941406,0.00010895729064941406,,0.00010895729064941406,0.00010895729064941406,0,Benign
5,1,240,48,48,48.0,0.0,48,48,48,48.0,,1.9073486328125e-05,12582912.0,2516582.4,1.0013580322265625e-05,2.5033950805664062e-06,6.88255154120476e-07,3.0994415283203125e-06,1.9073486328125e-06,9.059906005859375e-06,9.059906005859375e-06,,9.059906005859375e-06,9.059906005859375e-06,0,Benign
4,2,2964,1434,48,741.0,800.2074730968213,259,211,48,129.5,115.25840533340725,0.0003151893615722656,9403870.692889562,821728.2420574886,0.0002002716064453125,6.67572021484375e-05,7.244277023614142e-05,0.0001480579376220703,9.059906005859375e-06,0.00011491775512695312,5.745887756347656e-05,5.0239043424985685e-05,9.298324584960938e-05,2.193450927734375e-05,0,Benign
3,3,4302,1434,1434,1434.0,0.0,470,211,48,156.66666666666666,94.108093877909,0.03956198692321777,108740.7467261277,11880.090878958628,0.03934812545776367,0.019674062728881836,0.027577188742860095,0.03917407989501953,0.00017404556274414062,0.00021386146545410156,7.128715515136719e-05,4.27886629621418e-05,9.799003601074219e-05,2.193450927734375e-05,0,Benign
3,3,4302,1434,1434,1434.0,0.0,307,211,48,102.33333333333333,94.108093877909,0.0004949569702148438,8691664.647398844,620255.9383429672,0.0003819465637207031,0.00012731552124023438,5.211232422445868e-05,0.0001690387725830078,6.890296936035156e-05,0.00011301040649414062,5.650520324707031e-05,4.889034427263708e-05,9.107589721679688e-05,2.193450927734375e-05,0,Benign
6,0,1674,1434,48,279.0,565.8321305829141,0,0,0,0.0,0.0,2.9802322387695312e-05,56170119.168,0.0,2.9802322387695312e-05,5.9604644775390625e-06,3.603986849267715e-06,1.0013580322265625e-05,3.0994415283203125e-06,0.0,0.0,0.0,0.0,0.0,0,Benign
4,2,192,48,48,48.0,0.0,259,211,48,129.5,115.25840533340725,0.00013399124145507812,1432929.4804270463,1932962.1637010677,1.0013580322265625e-05,3.337860107421875e-06,1.2388592774168568e-06,4.0531158447265625e-06,1.9073486328125e-06,0.0001239776611328125,6.198883056640625e-05,3.810075105384821e-05,8.893013000488281e-05,3.504753112792969e-05,0,Benign
4,2,5736,1434,1434,1434.0,0.0,259,211,48,129.5,115.25840533340725,0.0005710124969482422,10045314.298121085,453580.2655532359,0.0004761219024658203,0.0001587073008219401,2.319695563522713e-05,0.0001800060272216797,0.00013399124145507812,9.489059448242188e-05,4.744529724121094e-05,1.6184389828183307e-05,5.888938903808594e-05,3.600120544433594e-05,0,Benign
2,4,2868,1434,1434,1434.0,0.0,518,211,48,129.5,94.108093877909,0.00043892860412597656,6534092.271591526,1180146.3726235742,0.00031113624572753906,0.00015556812286376953,3.7594988871717475e-05,0.00018215179443359375,0.0001289844512939453,0.0001277923583984375,4.2597452799479164e-05,3.49666132772879e-05,8.296966552734375e-05,2.193450927734375e-05,0,Benign
4,2,4350,1434,48,1087.5,693.0,259,211,48,129.5,115.25840533340725,0.0003399848937988281,12794686.115007013,761798.5525946704,0.00018596649169921875,6.198883056640625e-05,9.975958722796363e-05,0.00017714500427246094,1.9073486328125e-06,0.00015401840209960938,7.700920104980469e-05,3.2368779656366614e-05,9.989738464355469e-05,5.412101745605469e-05,0,Benign
6,0,288,48,48,48.0,0.0,0,0,0,0.0,0.0,1.4066696166992188e-05,20473890.711864408,0.0,1.4066696166992188e-05,2.8133392333984377e-06,5.168791625184727e-07,3.0994415283203125e-06,1.9073486328125e-06,0.0,0.0,0.0,0.0,0.0,0,Benign
4,2,2964,1434,48,741.0,800.2074730968213,259,211,48,129.5,115.25840533340725,0.0003390312194824219,8742557.70464135,763941.4458509142,0.00018906593322753906,6.302197774251302e-05,0.0001046158701393325,0.0001838207244873047,2.1457672119140625e-06,0.0001499652862548828,7.49826431274414e-05,8.597957096222382e-06,8.106231689453125e-05,6.890296936035156e-05,0,Benign
2,4,2868,1434,1434,1434.0,0.0,519,212,48,129.75,94.39765180695262,0.02311992645263672,124048.8375201089,22448.16829600297,0.003554821014404297,0.003554821014404297,,0.003554821014404297,0.003554821014404297,0.019565105438232422,0.0048912763595581055,0.00965460758007489,0.019373178482055664,5.316734313964844e-05,0,Benign
4,2,5736,1434,1434,1434.0,0.0,259,211,48,129.5,115.25840533340725,0.007506847381591797,764102.3865845137,34501.83370386839,0.007339000701904297,0.002446333567301432,0.004123627810527157,0.0072078704833984375,5.412101745605469e-05,0.0001678466796875,8.392333984375e-05,0.00010047808684997137,0.00015497207641601562,1.2874603271484375e-05,0,Benign
4,2,1578,1434,48,394.5,693.0,259,211,48,129.5,115.25840533340725,0.00019502639770507812,8091212.361858191,1328025.3496332518,0.00015497207641601562,3.8743019104003906e-05,6.274849077254041e-05,0.0001327991485595703,4.0531158447265625e-06,4.00543212890625e-05,4.00543212890625e-05,,4.00543212890625e-05,4.00543212890625e-05,0,Benign
6,0,288,48,48,48.0,0.0,0,0,0,0.0,0.0,1.811981201171875e-05,15894204.631578946,0.0,1.811981201171875e-05,3.62396240234375e-06,5.936574744219175e-07,4.0531158447265625e-06,2.86102294921875e-06,0.0,0.0,0.0,0.0,0.0,0,Benign
3,3,4302,1434,1434,1434.0,0.0,470,211,48,156.66666666666666,94.108093877909,0.002053976058959961,2094474.2667440511,228824.47823563553,0.001837015151977539,0.0009185075759887695,0.0011799431709109893,0.0017528533935546875,8.416175842285156e-05,0.00021696090698242188,7.232030232747395e-05,4.3136196179032487e-05,0.00011706352233886719,3.0994415283203125e-05,0,Benign
3,3,4302,1434,1434,1434.0,0.0,307,211,48,102.33333333333333,94.108093877909,0.00040602684020996094,10595358.665883735,756107.65002936,0.0003261566162109375,0.0001087188720703125,7.238507426889772e-05,0.0001850128173828125,4.100799560546875e-05,7.987022399902344e-05,3.993511199951172e-05,2.1410599043534168e-05,5.507469177246094e-05,2.47955322265625e-05,0,Benign
4,2,4350,1434,48,1087.5,693.0,259,211,48,129.5,115.25840533340725,0.00036406517028808594,11948410.216110019,711411.0910281598,0.0002799034118652344,9.330113728841145e-05,7.697720842362781e-05,0.00015997886657714844,9.059906005859375e-06,8.416175842285156e-05,4.208087921142578e-05,2.8154094805277214e-05,6.198883056640625e-05,2.2172927856445312e-05,0,Benign
6,0,288,48,48,48.0,0.0,0,0,0,0.0,0.0,2.288818359375e-05,12582912.0,0.0,2.288818359375e-05,4.57763671875e-06,1.5116565212390289e-06,6.9141387939453125e-06,2.86102294921875e-06,0.0,0.0,0.0,0.0,0.0,0,Benign
4,2,2964,1434,48,741.0,800.2074730968213,259,211,48,129.5,115.25840533340725,0.0003631114959716797,8162782.045961917,713279.5377544321,0.00026297569274902344,8.765856424967448e-05,0.0001167232043073853,0.00022101402282714844,4.0531158447265625e-06,0.00010013580322265625,5.0067901611328125e-05,3.2368779656366614e-05,7.295608520507812e-05,2.7179718017578125e-05,0,Benign
2,4,2868,1434,1434,1434.0,0.0,518,211,48,129.5,94.108093877909,0.008133888244628906,352598.89412592334,63684.17962246453,0.007972955703735352,0.003986477851867676,0.005504547002916804,0.007878780364990234,9.417533874511719e-05,0.0001609325408935547,5.364418029785156e-05,3.0043579149142174e-05,8.821487426757812e-05,3.3855438232421875e-05,0,Benign
4,2,5736,1434,1434,1434.0,0.0,259,211,48,129.5,115.25840533340725,0.02317190170288086,247541.1847309394,11177.330342627842,0.022961854934692383,0.007653951644897461,0.010008581335696765,0.01902484893798828,0.0001800060272216797,0.00021004676818847656,0.00010502338409423828,9.626340199888197e-05,0.00017309188842773438,3.695487976074219e-05,0,Benign
5,1,1626,1434,48,325.2,619.8380433629418,211,211,211,211.0,,9.584426879882812e-05,16965020.656716418,2201487.92039801,9.393692016601562e-05,2.3484230041503906e-05,1.5778315081276967e-05,4.1961669921875e-05,8.106231689453125e-06,1.9073486328125e-06,1.9073486328125e-06,,1.9073486328125e-06,1.9073486328125e-06,0,Benign
5,1,240,48,48,48.0,0.0,48,48,48,48.0,,3.0994415283203125e-05,7743330.461538462,1548666.0923076924,1.5020370483398438e-05,3.7550926208496094e-06,9.806126498582415e-07,5.0067901611328125e-06,2.86102294921875e-06,1.5974044799804688e-05,1.5974044799804688e-05,,1.5974044799804688e-05,1.5974044799804688e-05,0,Benign
3,3,4302,1434,1434,1434.0,0.0,470,211,48,156.66666666666666,94.108093877909,0.016666889190673828,258116.5537722084,28199.623494406776,0.016451120376586914,0.008225560188293457,0.004690269889686331,0.011542081832885742,0.004909038543701172,0.00021576881408691406,7.192293802897136e-05,5.2720883906126e-05,0.00012993812561035156,2.6941299438476562e-05,0,Benign
3,3,4302,1434,1434,1434.0,0.0,307,211,48,102.33333333333333,94.108093877909,0.020979881286621094,205053.5911632347,14633.066593936088,0.02085399627685547,0.010426998138427734,0.014545046008503574,0.020711898803710938,0.00014209747314453125,0.000125885009765625,4.1961669921875e-05,3.278320485250485e-05,7.796287536621094e-05,1.3828277587890625e-05,0,Benign
4,2,4350,1434,48,1087.5,693.0,259,211,48,129.5,115.25840533340725,0.00043892860412597656,9910495.600217273,590073.1863117871,0.00027298927307128906,9.099642435709636e-05,7.508948895449718e-05,0.00017404556274414062,2.7894973754882812e-05,0.0001659393310546875,8.296966552734375e-05,5.495949045820582e-05,0.00012183189392089844,4.410743713378906e-05,0,Benign
6,0,288,48,48,48.0,0.0,0,0,0,0.0,0.0,1.6927719116210938e-05,17013514.816901408,0.0,1.6927719116210938e-05,3.3855438232421873e-06,3.917617017067667e-07,3.814697265625e-06,3.0994415283203125e-06,0.0,0.0,0.0,0.0,0.0,0,Benign
4,2,1880,1434,48,470.0,658.2461545652964,259,211,48,129.5,115.25840533340725,0.025146961212158203,74760.52411020726,10299.455183267914,0.02507305145263672,0.008357683817545572,0.00819532920715583,0.016383886337280273,3.0994415283203125e-06,7.390975952148438e-05,3.695487976074219e-05,1.6858739404357613e-05,4.887580871582031e-05,2.5033950805664062e-05,0,Benign
3,3,4302,1434,1434,1434.0,0.0,470,211,48,156.66666666666666,94.108093877909,0.00037479400634765625,11478305.221374046,1254022.1882951653,0.0002238750457763672,0.0001119375228881836,4.231543590493761e-05,0.0001418590545654297,8.20159912109375e-05,0.00015091896057128906,5.030632019042969e-05,3.650140948892904e-05,9.083747863769531e-05,2.002716064453125e-05,0,Benign
3,3,4302,1434,1434,1434.0,0.0,307,211,48,102.33333333333333,94.108093877909,0.018404006958007812,233753.44346564412,16681.14996372681,0.018301963806152344,0.006100654602050781,0.009196409279636721,0.016683101654052734,4.601478576660156e-05,0.00010204315185546875,5.1021575927734375e-05,6.945800634595337e-05,0.00010013580322265625,1.9073486328125e-06,0,Benign
6,0,1674,1434,48,279.0,565.8321305829141,0,0,0,0.0,0.0,2.5033950805664062e-05,66869189.48571429,0.0,2.5033950805664062e-05,5.0067901611328125e-06,3.295010319014848e-06,9.059906005859375e-06,2.1457672119140625e-06,0.0,0.0,0.0,0.0,0.0,0,Benign
4,2,192,48,48,48.0,0.0,259,211,48,129.5,115.25840533340725,0.00013494491577148438,1422802.7703180213,1919301.6537102473,8.821487426757812e-06,2.940495808919271e-06,1.3765103082409519e-07,3.0994415283203125e-06,2.86102294921875e-06,0.00012612342834472656,6.306171417236328e-05,1.7027326798401187e-05,7.510185241699219e-05,5.1021575927734375e-05,0,Benign
4,2,5736,1434,1434,1434.0,0.0,259,211,48,129.5,115.25840533340725,0.0027589797973632812,2079029.3591427584,93875.27964051158,0.0026290416717529297,0.0008763472239176432,0.0013892579273524985,0.002479076385498047,1.5974044799804688e-05,0.00012993812561035156,6.496906280517578e-05,7.1986817256607e-05,0.00011587142944335938,1.4066696166992188e-05,0,Benign
3,3,4302,1434,1434,1434.0,0.0,470,211,48,156.66666666666666,94.108093877909,0.013016939163208008,330492.44112313865,36106.79854204443,0.012980937957763672,0.004326979319254558,0.0037451568303327886,0.007258892059326172,0.00010800361633300781,3.600120544433594e-05,1.800060272216797e-05,4.214684851089403e-06,2.09808349609375e-05,1.5020370483398438e-05,0,Benign
3,3,2916,1434,48,972.0,800.2074730968213,307,211,48,102.33333333333333,94.108093877909,0.021810054779052734,133699.80174468178,14076.076521130764,0.021677017211914062,0.0072256724039713545,0.012411474526843507,0.021557092666625977,1.0013580322265625e-05,0.00013303756713867188,6.651878356933594e-05,4.046097457045827e-05,9.512901306152344e-05,3.790855407714844e-05,0,Benign
6,0,288,48,48,48.0,0.0,0,0,0,0.0,0.0,1.2874603271484375e-05,22369621.333333332,0.0,1.2874603271484375e-05,2.574920654296875e-06,6.171311905643837e-07,3.0994415283203125e-06,1.9073486328125e-06,0.0,0.0,0.0,0.0,0.0,0,Benign
4,2,2964,1434,48,741.0,800.2074730968213,259,211,48,129.5,115.25840533340725,0.006652116775512695,445572.45460736175,38934.97494713451,0.0065460205078125,0.0021820068359375,0.003656101148757936,0.0064029693603515625,3.0994415283203125e-06,0.00010609626770019531,5.3048133850097656e-05,2.9839968745712975e-05,7.414817810058594e-05,3.1948089599609375e-05,0,Benign
4,2,4652,1434,350,1163.0,542.0,259,211,48,129.5,115.25840533340725,0.0190889835357666,243700.77072378693,13568.035171423218,0.018988847732543945,0.0063296159108479815,0.0022386240762687463,0.008538007736206055,0.00406193733215332,0.00010013580322265625,5.0067901611328125e-05,1.2812641947311786e-05,5.91278076171875e-05,4.100799560546875e-05,0,Benign
2,4,2868,1434,1434,1434.0,0.0,518,211,48,129.5,94.108093877909,0.00027108192443847656,10579827.503957784,1910861.45294635,9.059906005859375e-06,9.059906005859375e-06,,9.059906005859375e-06,9.059906005859375e-06,0.0002620220184326172,6.55055046081543e-05,1.8583781322443794e-05,9.202957153320312e-05,4.9114227294921875e-05,0,Benign
6,0,1674,1434,48,279.0,565.8321305829141,0,0,0,0.0,0.0,2.6941299438476562e-05,62135087.57522124,0.0,2.6941299438476562e-05,5.388259887695313e-06,3.3489112471424833e-06,1.0967254638671875e-05,2.86102294921875e-06,0.0,0.0,0.0,0.0,0.0,0,Benign
6,0,3060,1434,48,510.0,715.7273223791307,0,0,0,0.0,0.0,0.004438877105712891,689363.5320657429,0.0,0.004438877105712891,0.0008877754211425781,0.001919151486147003,0.004319906234741211,2.86102294921875e-06,0.0,0.0,0.0,0.0,0.0,0,Benign
2,4,2868,1434,1434,1434.0,0.0,518,211,48,129.5,94.108093877909,0.01735997200012207,165207.63973466278,29838.757804238256,0.01727581024169922,0.00863790512084961,0.012025001642340199,0.017140865325927734,0.00013494491577148438,8.416175842285156e-05,2.8053919474283855e-05,1.7666049851399233e-05,4.8160552978515625e-05,1.5020370483398438e-05,0,Benign
4,2,5736,1434,1434,1434.0,0.0,259,211,48,129.5,115.25840533340725,0.020854949951171875,275042.61642582767,12419.11395646607,0.020740032196044922,0.006913344065348308,0.011634117935272848,0.020347118377685547,0.0001418590545654297,0.00011491775512695312,5.745887756347656e-05,5.15877425773343e-05,9.393692016601562e-05,2.09808349609375e-05,0,Benign
6,0,1674,1434,48,279.0,565.8321305829141,0,0,0,0.0,0.0,3.0040740966796875e-05,55724324.571428575,0.0,3.0040740966796875e-05,6.008148193359375e-06,2.5028273529073164e-06,9.059906005859375e-06,3.0994415283203125e-06,0.0,0.0,0.0,0.0,0.0,0,Benign
4,2,192,48,48,48.0,0.0,259,211,48,129.5,115.25840533340725,0.0002110004425048828,909950.6983050847,1227485.57740113,1.811981201171875e-05,6.039937337239583e-06,1.0750889188821064e-06,7.152557373046875e-06,5.0067901611328125e-06,0.00019288063049316406,9.644031524658203e-05,8.412510962774449e-05,0.00015592575073242188,3.695487976074219e-05,0,Benign
4,2,4652,1434,350,1163.0,542.0,259,211,48,129.5,115.25840533340725,0.04211115837097168,110469.53301590357,6150.388875992911,0.042014122009277344,0.014004707336425781,0.012348607204862553,0.024194955825805664,0.0002720355987548828,9.703636169433594e-05,4.851818084716797e-05,4.602435857389628e-05,8.106231689453125e-05,1.5974044799804688e-05,0,Benign
3,3,4302,1434,1434,1434.0,0.0,470,211,48,156.66666666666666,94.108093877909,0.0005249977111816406,8194321.4386920985,895241.9981834695,0.00016307830810546875,8.153915405273438e-05,0.00011093050528067309,0.00015997886657714844,3.0994415283203125e-06,0.0003619194030761719,0.00012063980102539062,6.0869622019249695e-05,0.00017690658569335938,5.602836608886719e-05,0,Benign
5,1,3012,1434,48,602.4,759.1434647021601,48,48,48,48.0,,0.00018405914306640625,16364305.243523316,260785.74093264248,0.000164031982421875,4.100799560546875e-05,6.804891166259964e-05,0.0001430511474609375,5.0067901611328125e-06,2.002716064453125e-05,2.002716064453125e-05,,2.002716064453125e-05,2.002716064453125e-05,0,Benign
6,0,288,48,48,48.0,0.0,0,0,0,0.0,0.0,2.4080276489257812e-05,11959995.564356435,0.0,2.4080276489257812e-05,4.816055297851562e-06,7.979011788693195e-07,5.9604644775390625e-06,4.0531158447265625e-06,0.0,0.0,0.0,0.0,0.0,0,Benign
2,4,2868,1434,1434,1434.0,0.0,518,211,48,129.5,94.108093877909,0.0002620220184326172,10945645.015468609,1976933.0955414013,0.00010204315185546875,0.00010204315185546875,,0.00010204315185546875,0.00010204315185546875,0.00015997886657714844,3.999471664428711e-05,4.4133150922113124e-05,0.00010395050048828125,6.9141387939453125e-06,0,Benign
4,2,5736,1434,1434,1434.0,0.0,259,211,48,129.5,115.25840533340725,0.004434108734130859,1293608.3312184105,58410.836434025165,0.0042531490325927734,0.001417716344197591,0.002304850612561844,0.004079103469848633,7.700920104980469e-05,0.00018095970153808594,9.047985076904297e-05,4.16410863287633e-05,0.00011992454528808594,6.103515625e-05,0,Benign
3,3,4302,1434,1434,1434.0,0.0,470,211,48,156.66666666666666,94.108093877909,0.015026092529296875,286301.9771515613,31278.923584666158,0.014909982681274414,0.004969994227091472,0.005499504967091084,0.010904788970947266,4.601478576660156e-05,0.00011610984802246094,5.805492401123047e-05,4.9396106454767804e-05,9.298324584960938e-05,2.3126602172851562e-05,0,Benign
5,1,240,48,48,48.0,0.0,48,48,48,48.0,,2.7179718017578125e-05,8830113.684210526,1766022.7368421052,2.7179718017578125e-05,5.435943603515625e-06,2.6783650722472417e-06,1.0013580322265625e-05,3.0994415283203125e-06,0.0,,,,,0,Benign
5,1,1626,1434,48,325.2,619.8380433629417,211,211,211,211.0,,0.0001900196075439453,8557011.673776662,1110411.7239648683,0.0001201629638671875,3.0040740966796875e-05,4.934247076336526e-05,0.00010395050048828125,3.0994415283203125e-06,6.985664367675781e-05,6.985664367675781e-05,,6.985664367675781e-05,6.985664367675781e-05,0,Benign
3,3,4302,1434,1434,1434.0,0.0,307,211,48,102.33333333333333,94.108093877909,0.025103092193603516,171373.3099819546,12229.569075885649,0.024897098541259766,0.008299032847086588,0.008418087381991604,0.01797199249267578,0.00263214111328125,0.00020599365234375,0.000102996826171875,7.788737604813218e-05,0.00015807151794433594,4.792213439941406e-05,0,Benign
3,3,4302,1434,1434,1434.0,0.0,470,211,48,156.66666666666666,94.108093877909,0.003331899642944336,1291155.33509839,141060.67119856886,0.0030400753021240234,0.0015200376510620117,0.0019756756707966687,0.002917051315307617,0.00012302398681640625,0.0002918243408203125,9.72747802734375e-05,5.992279971779007e-05,0.0001609325408935547,4.1961669921875e-05,0,Benign
5,1,3012,1434,48,602.4,759.1434647021601,48,48,48,48.0,,0.00022792816162109375,13214690.008368202,210592.66945606694,0.00022792816162109375,4.558563232421875e-05,6.793327309961417e-05,0.00016307830810546875,2.86102294921875e-06,0.0,,,,,0,Benign
6,0,288,48,48,48.0,0.0,0,0,0,0.0,0.0,1.1920928955078125e-05,24159191.04,0.0,1.1920928955078125e-05,2.384185791015625e-06,6.529361695112778e-07,3.0994415283203125e-06,1.9073486328125e-06,0.0,0.0,0.0,0.0,0.0,0,Benign
3,3,4302,1434,1434,1434.0,0.0,470,211,48,156.66666666666666,94.108093877909,0.027891874313354492,154238.46930000768,16850.785813808372,0.027772188186645508,0.00925739606221517,0.01165657656652389,0.022375106811523438,8.702278137207031e-05,0.00011968612670898438,5.984306335449219e-05,3.540335274915099e-05,8.487701416015625e-05,3.4809112548828125e-05,0,Benign
3,3,4302,1434,1434,1434.0,0.0,307,211,48,102.33333333333333,94.108093877909,0.005403041839599609,796218.154090548,56819.845026917304,0.005269050598144531,0.0017563501993815105,0.002870508466915143,0.005070924758911133,9.512901306152344e-05,0.00013399124145507812,6.699562072753906e-05,5.529666524629297e-05,0.00010609626770019531,2.7894973754882812e-05,0,Benign
4,2,4350,1434,48,1087.5,693.0,259,211,48,129.5,115.25840533340725,0.00026106834411621094,16662303.561643835,992077.3844748859,0.0001480579376220703,4.935264587402344e-05,7.515746282995597e-05,0.0001361370086669922,5.9604644775390625e-06,0.00011301040649414062,5.650520324707031e-05,6.406320973655893e-06,6.103515625e-05,5.1975250244140625e-05,0,Benign
6,0,288,48,48,48.0,0.0,0,0,0,0.0,0.0,1.2874603271484375e-05,22369621.333333332,0.0,1.2874603271484375e-05,2.574920654296875e-06,3.9176170170676666e-07,2.86102294921875e-06,2.1457672119140625e-06,0.0,0.0,0.0,0.0,0.0,0,Benign
4,2,2964,1434,48,741.0,800.2074730968213,259,211,48,129.5,115.25840533340725,0.0002529621124267578,11717169.70405278,1023868.7426955702,0.00019311904907226562,6.437301635742188e-05,5.601771233094088e-05,0.00011014938354492188,1.9073486328125e-06,5.984306335449219e-05,2.9921531677246094e-05,1.264405455326821e-05,3.886222839355469e-05,2.09808349609375e-05,0,Benign
4,2,5736,1434,1434,1434.0,0.0,259,211,48,129.5,115.25840533340725,0.02461409568786621,233037.20245256153,10522.42598242912,0.024487018585205078,0.008162339528401693,0.008910009848453826,0.01773810386657715,0.00011610984802246094,0.0001270771026611328,6.35385513305664e-05,5.5802427428423695e-05,0.000102996826171875,2.4080276489257812e-05,0,Benign
2,4,2868,1434,1434,1434.0,0.0,518,211,48,129.5,94.108093877909,0.0002899169921875,9892486.736842105,1786718.3157894737,0.00017976760864257812,8.988380432128906e-05,3.810075105384821e-05,0.00011682510375976562,6.29425048828125e-05,0.00011014938354492188,3.6716461181640625e-05,1.7181032394596547e-05,5.602836608886719e-05,2.3126602172851562e-05,0,Benign
6,0,1674,1434,48,279.0,565.8321305829141,0,0,0,0.0,0.0,3.1948089599609375e-05,52397499.2238806,0.0,3.1948089599609375e-05,6.389617919921875e-06,4.9737567178364935e-06,1.4066696166992188e-05,2.86102294921875e-06,0.0,0.0,0.0,0.0,0.0,0,Benign
4,2,192,48,48,48.0,0.0,259,211,48,129.5,115.25840533340725,8.20159912109375e-05,2341006.88372093,3157920.7441860465,7.867813110351562e-06,2.6226043701171875e-06,4.1295309247228556e-07,2.86102294921875e-06,2.1457672119140625e-06,7.414817810058594e-05,3.707408905029297e-05,1.567862764605258e-05,4.8160552978515625e-05,2.5987625122070312e-05,0,Benign
4,2,5736,1434,1434,1434.0,0.0,259,211,48,129.5,115.25840533340725,0.0005359649658203125,10702192.056939501,483240.5409252669,0.0004379749298095703,0.00014599164326985678,6.784897364182324e-05,0.00019097328186035156,6.794929504394531e-05,9.799003601074219e-05,4.8995018005371094e-05,3.523476535510741e-05,7.390975952148438e-05,2.4080276489257812e-05,0,Benign
2,4,2868,1434,1434,1434.0,0.0,518,211,48,129.5,94.108093877909,0.00043892860412597656,6534092.271591526,1180146.3726235742,0.0003459453582763672,0.0001729726791381836,0.00014987419330473917,0.0002789497375488281,6.699562072753906e-05,9.298324584960938e-05,3.0994415283203125e-05,1.301293759250182e-05,4.601478576660156e-05,2.3126602172851562e-05,0,Benign
4,2,4350,1434,48,1087.5,693.0,259,211,48,129.5,115.25840533340725,0.0005249977111816406,8285750.408719346,493335.4841053588,0.00039005279541015625,0.0001300175984700521,0.00014264970984350462,0.00028896331787109375,1.3113021850585938e-05,0.00013494491577148438,6.747245788574219e-05,4.046097457045827e-05,9.608268737792969e-05,3.886222839355469e-05,0,Benign
6,0,288,48,48,48.0,0.0,0,0,0,0.0,0.0,1.1920928955078125e-05,24159191.04,0.0,1.1920928955078125e-05,2.384185791015625e-06,5.591411304263389e-07,3.0994415283203125e-06,1.9073486328125e-06,0.0,0.0,0.0,0.0,0.0,0,Benign
4,2,2964,1434,48,741.0,800.2074730968213,259,211,48,129.5,115.25840533340725,0.013279199600219727,223206.22396179326,19504.187586405013,0.013143301010131836,0.004381100336710612,0.007556920824437209,0.013107061386108398,2.1457672119140625e-06,0.00013589859008789062,6.794929504394531e-05,3.9449450206196814e-05,9.584426879882812e-05,4.00543212890625e-05,0,Benign
3,3,4302,1434,1434,1434.0,0.0,472,212,48,157.33333333333334,94.68544414709862,0.0004298686981201172,10007707.048252912,1098009.6993899057,0.0002701282501220703,0.00013506412506103516,4.80474073024192e-05,0.0001690387725830078,0.0001010894775390625,0.00015974044799804688,5.324681599934896e-05,2.649165523446624e-05,7.581710815429688e-05,2.4080276489257812e-05,0,Benign
4,2,4652,1434,350,1163.0,542.0,260,212,48,130.0,115.96551211459379,0.015221834182739258,305613.63001018093,17080.72738663952,0.015079021453857422,0.0037697553634643555,0.005008607055987516,0.010782957077026367,2.5033950805664062e-05,0.00014281272888183594,0.00014281272888183594,,0.00014281272888183594,0.00014281272888183594,0,Benign
3,3,4302,1434,1434,1434.0,0.0,308,212,48,102.66666666666667,94.68544414709862,0.0008709430694580078,4939473.257049001,353639.64741308516,0.0007638931274414062,0.00025463104248046875,0.0002572339804329295,0.0005459785461425781,5.888938903808594e-05,0.00010704994201660156,5.352497100830078e-05,5.007045603094211e-05,8.893013000488281e-05,1.811981201171875e-05,0,Benign
2,4,2868,1434,1434,1434.0,0.0,520,212,48,130.0,94.68544414709862,0.0003490447998046875,8216710.2950819675,1489780.1092896175,0.000225067138671875,0.0001125335693359375,7.282975422682489e-05,0.000164031982421875,6.103515625e-05,0.0001239776611328125,4.1325887044270836e-05,3.358685152107923e-05,8.0108642578125e-05,2.193450927734375e-05,0,Benign
6,0,1674,1434,48,279.0,565.8321305829141,0,0,0,0.0,0.0,0.0006551742553710938,2555045.4497816595,0.0,0.0006551742553710938,0.00013103485107421876,0.0002828856585479527,0.000637054443359375,2.86102294921875e-06,0.0,0.0,0.0,0.0,0.0,0,Benign
6,0,288,48,48,48.0,0.0,0,0,0,0.0,0.0,1.4066696166992188e-05,20473890.711864408,0.0,1.4066696166992188e-05,2.8133392333984377e-06,5.168791625184727e-07,3.0994415283203125e-06,1.9073486328125e-06,0.0,0.0,0.0,0.0,0.0,0,Benign
5,1,1626,1434,48,325.2,619.8380433629417,212,212,212,212.0,,0.003662109375,444006.4,57890.13333333333,0.0035719871520996094,0.0008929967880249023,0.0017805894677025175,0.0035638809204101562,2.1457672119140625e-06,9.012222290039062e-05,9.012222290039062e-05,,9.012222290039062e-05,9.012222290039062e-05,0,Benign
3,3,4302,1434,1434,1434.0,0.0,308,212,48,102.66666666666667,94.68544414709862,0.011929988861083984,360603.85722850636,25817.29149846117,0.011850118637084961,0.0059250593185424805,0.008178343072447922,0.01170802116394043,0.00014209747314453125,7.987022399902344e-05,2.662340799967448e-05,2.7967559624161083e-05,5.698204040527344e-05,1.9073486328125e-06,0,Benign
3,3,4302,1434,1434,1434.0,0.0,472,212,48,157.33333333333334,94.68544414709862,0.0004100799560546875,10490637.097674418,1150995.0511627907,0.00018906593322753906,9.453296661376953e-05,8.429369702178807e-07,9.512901306152344e-05,9.393692016601562e-05,0.00022101402282714844,7.367134094238281e-05,2.6017137271316034e-05,9.894371032714844e-05,4.696846008300781e-05,0,Benign
5,1,3012,1434,48,602.4,759.1434647021601,48,48,48,48.0,,0.0002110004425048828,14274851.579661017,227487.67457627118,0.0001671314239501953,4.178285598754883e-05,6.90076276806602e-05,0.00014519691467285156,3.0994415283203125e-06,4.38690185546875e-05,4.38690185546875e-05,,4.38690185546875e-05,4.38690185546875e-05,0,Benign
6,0,288,48,48,48.0,0.0,0,0,0,0.0,0.0,2.3126602172851562e-05,12453191.25773196,0.0,2.3126602172851562e-05,4.625320434570312e-06,2.5377863103361456e-06,9.059906005859375e-06,2.86102294921875e-06,0.0,0.0,0.0,0.0,0.0,0,Benign
2,4,2868,1434,1434,1434.0,0.0,520,212,48,130.0,94.68544414709862,0.0003790855407714844,7565574.762264151,1371722.0628930817,0.00025200843811035156,0.00025200843811035156,,0.00025200843811035156,0.00025200843811035156,0.0001270771026611328,3.17692756652832e-05,1.7970050795606523e-05,5.1975250244140625e-05,1.0967254638671875e-05,0,Benign
4,2,5736,1434,1434,1434.0,0.0,260,212,48,130.0,115.96551211459379,0.0034439563751220703,1665526.3235721702,75494.56836275528,0.0032579898834228516,0.0010859966278076172,0.0017207323278345737,0.0030710697174072266,1.9073486328125e-05,0.00018596649169921875,9.298324584960938e-05,0.0001031754851546686,0.0001659393310546875,2.002716064453125e-05,0,Benign
3,3,4302,1434,1434,1434.0,0.0,472,212,48,157.33333333333334,94.68544414709862,0.0003840923309326172,11200431.910614526,1228871.1905648666,0.0001690387725830078,5.634625752766927e-05,8.543650303330751e-05,0.00015497207641601562,5.0067901611328125e-06,0.00021505355834960938,0.00010752677917480469,9.103719278353111e-05,0.00017189979553222656,4.315376281738281e-05,0,Benign
3,3,2916,1434,48,972.0,800.2074730968213,308,212,48,102.66666666666667,94.68544414709862,0.0009357929229736328,3116074.003566879,329132.6450955414,0.0008206367492675781,0.0002735455830891927,0.0003159470199821416,0.0006330013275146484,3.981590270996094e-05,0.00011515617370605469,5.7578086853027344e-05,4.602435857389628e-05,9.012222290039062e-05,2.5033950805664062e-05,0,Benign
6,0,288,48,48,48.0,0.0,0,0,0,0.0,0.0,1.2159347534179688e-05,23685481.411764707,0.0,1.2159347534179688e-05,2.4318695068359373e-06,6.171311905643837e-07,3.0994415283203125e-06,1.9073486328125e-06,0.0,0.0,0.0,0.0,0.0,0,Benign
6,0,3060,1434,48,510.0,715.7273223791307,0,0,0,0.0,0.0,0.005851030349731445,522984.81072490936,0.0,0.005851030349731445,0.001170206069946289,0.0025505836810738804,0.005732059478759766,1.9073486328125e-06,0.0,0.0,0.0,0.0,0.0,0,Benign
2,4,2868,1434,1434,1434.0,0.0,520,212,48,130.0,94.68544414709862,0.014329910278320312,200140.82044456276,36287.73592439771,0.014117002487182617,0.007058501243591309,0.008897536895437817,0.01335000991821289,0.0007669925689697266,0.0002129077911376953,7.096926371256511e-05,3.1305851408091076e-05,0.00010609626770019531,4.601478576660156e-05,0,Benign
3,3,4302,1434,1434,1434.0,0.0,472,212,48,157.33333333333334,94.68544414709862,0.00043511390686035156,9887066.196164384,1084773.4180821918,0.00025177001953125,0.000125885009765625,7.080670549830198e-05,0.00017595291137695312,7.581710815429688e-05,0.00018334388732910156,6.111462910970052e-05,1.5416915452298662e-05,7.891654968261719e-05,5.221366882324219e-05,0,Benign
5,1,3012,1434,48,602.4,759.1434647021601,48,48,48,48.0,,0.00027108192443847656,11111032.232189974,177068.24274406332,0.00027108192443847656,5.4216384887695314e-05,6.486488441572178e-05,0.00013113021850585938,3.0994415283203125e-06,0.0,,,,,0,Benign
6,0,288,48,48,48.0,0.0,0,0,0,0.0,0.0,1.4066696166992188e-05,20473890.711864408,0.0,1.4066696166992188e-05,2.8133392333984377e-06,5.168791625184727e-07,3.0994415283203125e-06,1.9073486328125e-06,0.0,0.0,0.0,0.0,0.0,0,Benign
2,4,2868,1434,1434,1434.0,0.0,520,212,48,130.0,94.68544414709862,0.00035691261291503906,8035580.408817635,1456939.2651970608,0.0002357959747314453,0.00011789798736572266,8.345076005157018e-05,0.00017690658569335938,5.888938903808594e-05,0.00012111663818359375,4.0372212727864586e-05,1.6453185357901208e-05,5.698204040527344e-05,2.4080276489257812e-05,0,Benign
4,2,5736,1434,1434,1434.0,0.0,260,212,48,130.0,115.96551211459379,0.004817962646484375,1190544.7220902613,53964.718923198736,0.0046770572662353516,0.0015590190887451172,0.0024767701068246725,0.0044171810150146484,4.291534423828125e-05,0.00014090538024902344,7.045269012451172e-05,9.693775157505627e-05,0.00013899803161621094,1.9073486328125e-06,0,Benign
2,4,2868,1434,1434,1434.0,0.0,520,212,48,130.0,94.68544414709862,0.0003399848937988281,8435668.914446004,1529479.7194950911,0.00023603439331054688,0.00011801719665527344,0.00011160485485684739,0.00019693374633789062,3.910064697265625e-05,0.00010395050048828125,3.4650166829427086e-05,1.6983593704102404e-05,5.412101745605469e-05,2.288818359375e-05,0,Benign
6,0,1674,1434,48,279.0,565.8321305829141,0,0,0,0.0,0.0,2.5033950805664062e-05,66869189.48571429,0.0,2.5033950805664062e-05,5.0067901611328125e-06,3.877510063002251e-06,1.0967254638671875e-05,2.1457672119140625e-06,0.0,0.0,0.0,0.0,0.0,0,Benign
5,1,1626,1434,48,325.2,619.8380433629417,212,212,212,212.0,,0.00018310546875,8880128.0,1157802.6666666667,0.0001380443572998047,3.451108932495117e-05,6.361931480450369e-05,0.00012993812561035156,2.1457672119140625e-06,4.506111145019531e-05,4.506111145019531e-05,,4.506111145019531e-05,4.506111145019531e-05,0,Benign
3,3,4302,1434,1434,1434.0,0.0,308,212,48,102.66666666666667,94.68544414709862,0.0008769035339355469,4905898.805872757,351235.89777052746,0.0007650852203369141,0.00025502840677897137,0.00012792758346622654,0.00037598609924316406,0.00012111663818359375,0.00011181831359863281,5.5909156799316406e-05,4.80474073024192e-05,8.988380432128906e-05,2.193450927734375e-05,0,Benign
4,2,5736,1434,1434,1434.0,0.0,260,212,48,130.0,115.96551211459379,0.0005660057067871094,10134173.43892165,459359.32603201346,0.00045490264892578125,0.00015163421630859375,9.365420471329229e-05,0.00023412704467773438,4.982948303222656e-05,0.00011110305786132812,5.555152893066406e-05,3.4729003172976685e-05,8.0108642578125e-05,3.0994415283203125e-05,0,Benign
4,2,1578,1434,48,394.5,693.0,260,212,48,130.0,115.96551211459379,0.00010704994201660156,14740783.322939867,2428772.917594655,5.91278076171875e-05,1.4781951904296875e-05,1.0300859925600465e-05,3.0040740966796875e-05,8.106231689453125e-06,4.792213439941406e-05,4.792213439941406e-05,,4.792213439941406e-05,4.792213439941406e-05,0,Benign
6,0,288,48,48,48.0,0.0,0,0,0,0.0,0.0,4.601478576660156e-05,6258857.78238342,0.0,4.601478576660156e-05,9.202957153320313e-06,6.047096109138484e-06,1.9073486328125e-05,5.0067901611328125e-06,0.0,0.0,0.0,0.0,0.0,0,Benign
3,3,3218,1434,350,1072.6666666666667,625.8476918015543,473,213,48,157.66666666666666,94.97543542060407,0.031249046325683594,102979.1426740318,15136.46192815943,0.021014928817749023,0.010507464408874512,0.005889263436124245,0.014671802520751953,0.00634312629699707,0.01023411750793457,0.003411372502644857,0.005709873127875412,0.010004043579101562,4.315376281738281e-05,0,Benign
3,3,4302,1434,1434,1434.0,0.0,308,212,48,102.66666666666667,94.68544414709862,0.0003840923309326172,11200431.910614526,801890.5226567349,0.0001590251922607422,7.95125961303711e-05,8.54738087800931e-05,0.0001399517059326172,1.9073486328125e-05,0.000225067138671875,7.502237955729167e-05,7.045312715664865e-05,0.00015592575073242188,2.7179718017578125e-05,0,Benign
3,3,4302,1434,1434,1434.0,0.0,472,212,48,157.33333333333334,94.68544414709862,0.0003948211669921875,10896072.347826088,1195477.9516908212,0.0002429485321044922,0.0001214742660522461,6.423179713060251e-05,0.00016689300537109375,7.605552673339844e-05,0.0001518726348876953,5.062421162923177e-05,2.539391051735225e-05,7.581710815429688e-05,2.5033950805664062e-05,0,Benign
4,2,2964,1434,48,741.0,800.2074730968213,260,212,48,130.0,115.96551211459379,0.0003960132598876953,7484597.866345575,656543.6724864539,0.00038695335388183594,9.673833847045898e-05,7.564406345400771e-05,0.00018310546875,9.5367431640625e-07,9.059906005859375e-06,9.059906005859375e-06,,9.059906005859375e-06,9.059906005859375e-06,0,Benign
5,1,240,48,48,48.0,0.0,48,48,48,48.0,,1.7881393432617188e-05,13421772.8,2684354.56,1.2874603271484375e-05,3.2186508178710938e-06,1.1760909229078882e-06,4.76837158203125e-06,1.9073486328125e-06,5.0067901611328125e-06,5.0067901611328125e-06,,5.0067901611328125e-06,5.0067901611328125e-06,0,Benign
6,0,3060,1434,48,510.0,715.7273223791307,0,0,0,0.0,0.0,0.00039005279541015625,7845091.833740831,0.0,0.00039005279541015625,7.801055908203125e-05,0.00013925190163800098,0.0003230571746826172,1.9073486328125e-06,0.0,0.0,0.0,0.0,0.0,0,Benign
2,4,2868,1434,1434,1434.0,0.0,520,212,48,130.0,94.68544414709862,0.0003409385681152344,8412072.637762237,1525201.4545454546,0.00022411346435546875,0.00011205673217773438,3.2368779656366614e-05,0.00013494491577148438,8.916854858398438e-05,0.00011682510375976562,3.894170125325521e-05,1.5554566483122757e-05,4.792213439941406e-05,2.09808349609375e-05,0,Benign
4,2,5736,1434,1434,1434.0,0.0,260,212,48,130.0,115.96551211459379,0.00055694580078125,10299027.287671233,466831.7808219178,0.00039887428283691406,0.00013295809427897135,8.751304343309601e-05,0.00018596649169921875,3.1948089599609375e-05,0.00015807151794433594,7.903575897216797e-05,2.5456696500579994e-05,9.703636169433594e-05,6.103515625e-05,0,Benign
4,2,1578,1434,48,394.5,693.0,260,212,48,130.0,115.96551211459379,0.00012183189392089844,12952273.409001958,2134088.1409001956,9.989738464355469e-05,2.4974346160888672e-05,4.264800150007355e-05,8.893013000488281e-05,2.86102294921875e-06,2.193450927734375e-05,2.193450927734375e-05,,2.193450927734375e-05,2.193450927734375e-05,0,Benign
6,0,288,48,48,48.0,0.0,0,0,0,0.0,0.0,1.1920928955078125e-05,24159191.04,0.0,1.1920928955078125e-05,2.384185791015625e-06,5.591411304263389e-07,3.0994415283203125e-06,1.9073486328125e-06,0.0,0.0,0.0,0.0,0.0,0,Benign
3,3,4302,1434,1434,1434.0,0.0,472,212,48,157.33333333333334,94.68544414709862,0.002827167510986328,1521664.345420813,166951.55068308316,0.0026149749755859375,0.0013074874877929688,0.0015931508737117943,0.0024340152740478516,0.00018095970153808594,0.00021219253540039062,7.073084513346355e-05,2.030387700378592e-05,9.417533874511719e-05,5.888938903808594e-05,0,Benign
3,3,4302,1434,1434,1434.0,0.0,308,212,48,102.66666666666667,94.68544414709862,0.024595975875854492,174906.66041119394,12522.37364171263,0.024493932723999023,0.008164644241333008,0.010406596402618623,0.019927978515625,0.00015807151794433594,0.00010204315185546875,5.1021575927734375e-05,3.978662499428397e-05,7.915496826171875e-05,2.288818359375e-05,0,Benign
4,2,4350,1434,48,1087.5,693.0,260,212,48,130.0,115.96551211459379,0.0003299713134765625,13182964.161849711,787947.2832369942,0.00023293495178222656,7.764498392740886e-05,6.908559740666046e-05,0.00014495849609375,6.9141387939453125e-06,9.703636169433594e-05,4.851818084716797e-05,3.3211716626584494e-05,7.200241088867188e-05,2.5033950805664062e-05,0,Benign
6,0,288,48,48,48.0,0.0,0,0,0,0.0,0.0,1.5020370483398438e-05,19173961.14285714,0.0,1.5020370483398438e-05,3.0040740966796874e-06,6.868772645420043e-07,4.0531158447265625e-06,2.1457672119140625e-06,0.0,0.0,0.0,0.0,0.0,0,Benign
3,3,1530,1434,48,510.0,800.2074730968213,473,213,48,157.66666666666666,94.97543542060406,0.0193939208984375,78890.70023603462,24389.08575924469,4.601478576660156e-05,2.300739288330078e-05,2.9839968745712975e-05,4.410743713378906e-05,1.9073486328125e-06,0.0193479061126709,0.006449302037556966,0.011058875546891394,0.019218921661376953,2.7894973754882812e-05,0,Benign
4,2,4652,1434,350,1163.0,542.0,260,212,48,130.0,115.96551211459379,0.030050039291381836,154808.44982902118,8652.234943152516,0.02993607521057129,0.007484018802642822,0.00783285008777513,0.016778945922851562,5.507469177246094e-05,0.00011396408081054688,0.00011396408081054688,,0.00011396408081054688,0.00011396408081054688,0,Benign
3,3,4302,1434,1434,1434.0,0.0,308,212,48,102.66666666666667,94.68544414709862,0.0009331703186035156,4610090.906489525,330057.64741951966,0.0008370876312255859,0.00027902921040852863,0.00027611201330208975,0.0005931854248046875,7.486343383789062e-05,9.608268737792969e-05,4.8041343688964844e-05,3.523476535510741e-05,7.295608520507812e-05,2.3126602172851562e-05,0,Benign
4,2,1578,1434,48,394.5,693.0,260,212,48,130.0,115.96551211459379,0.00015401840209960938,10245528.965944272,1688109.9690402476,0.00010991096496582031,2.7477741241455078e-05,3.978013575535487e-05,8.702278137207031e-05,4.0531158447265625e-06,4.410743713378906e-05,4.410743713378906e-05,,4.410743713378906e-05,4.410743713378906e-05,0,Benign
6,0,288,48,48,48.0,0.0,0,0,0,0.0,0.0,2.5987625122070312e-05,11082197.724770643,0.0,2.5987625122070312e-05,5.197525024414063e-06,4.264961199760036e-07,5.9604644775390625e-06,5.0067901611328125e-06,0.0,0.0,0.0,0.0,0.0,0,Benign
4,2,5736,1434,1434,1434.0,0.0,260,212,48,130.0,115.96551211459379,0.003702878952026367,1549064.9503573498,70215.63582512394,0.003571033477783203,0.0011903444925944011,0.0017353183610643883,0.003194093704223633,0.0001800060272216797,0.00013184547424316406,6.592273712158203e-05,1.567862764605258e-05,7.700920104980469e-05,5.4836273193359375e-05,0,Benign
4,2,5736,1434,1434,1434.0,0.0,260,212,48,130.0,115.96551211459379,0.0005199909210205078,11030961.826685008,500008.7299403943,0.00043010711669921875,0.0001433690388997396,5.994714245221844e-05,0.0001780986785888672,7.414817810058594e-05,8.988380432128906e-05,4.494190216064453e-05,2.9839968745712975e-05,6.604194641113281e-05,2.384185791015625e-05,0,Benign
4,2,1578,1434,48,394.5,693.0,260,212,48,130.0,115.96551211459379,0.00015115737915039062,10439450.649842272,1720061.5772870663,0.00012922286987304688,3.230571746826172e-05,5.051192682109782e-05,0.00010800361633300781,4.0531158447265625e-06,2.193450927734375e-05,2.193450927734375e-05,,2.193450927734375e-05,2.193450927734375e-05,0,Benign
6,0,288,48,48,48.0,0.0,0,0,0,0.0,0.0,1.6927719116210938e-05,17013514.816901408,0.0,1.6927719116210938e-05,3.3855438232421873e-06,3.917617017067667e-07,3.814697265625e-06,3.0994415283203125e-06,0.0,0.0,0.0,0.0,0.0,0,Benign
3,3,4302,1434,1434,1434.0,0.0,472,212,48,157.33333333333334,94.68544414709862,0.0005269050598144531,8164658.736651584,895797.0533936651,0.00039696693420410156,0.00019848346710205078,0.00013368980347655586,0.0002930164337158203,0.00010395050048828125,0.00012993812561035156,4.331270853678385e-05,1.92164980349203e-05,6.103515625e-05,2.288818359375e-05,0,Benign
3,3,4302,1434,1434,1434.0,0.0,308,212,48,102.66666666666667,94.68544414709862,0.00047588348388671875,9040027.95991984,647217.250501002,0.0003838539123535156,0.00012795130411783853,6.59063878287687e-05,0.00019788742065429688,6.699562072753906e-05,9.202957153320312e-05,4.601478576660156e-05,3.102008050401801e-05,6.794929504394531e-05,2.4080276489257812e-05,0,Benign
4,2,4350,1434,48,1087.5,693.0,260,212,48,130.0,115.96551211459379,0.0028848648071289062,1507869.6198347108,90125.54049586777,0.0028028488159179688,0.0009342829386393229,0.0014555352195279884,0.002611875534057617,6.9141387939453125e-06,8.20159912109375e-05,4.100799560546875e-05,2.663680825888503e-05,5.984306335449219e-05,2.2172927856445312e-05,0,Benign
6,0,288,48,48,48.0,0.0,0,0,0,0.0,0.0,1.3828277587890625e-05,20826888.827586208,0.0,1.3828277587890625e-05,2.765655517578125e-06,3.6157967777498007e-07,3.0994415283203125e-06,2.1457672119140625e-06,0.0,0.0,0.0,0.0,0.0,0,Benign
4,2,2964,1434,48,741.0,800.2074730968213,260,212,48,130.0,115.96551211459379,0.00029087066650390625,10190095.947540984,893868.0655737704,0.000133514404296875,4.4504801432291664e-05,6.703350810417997e-05,0.00012183189392089844,2.86102294921875e-06,0.00015735626220703125,7.867813110351562e-05,5.0239043424985685e-05,0.00011420249938964844,4.315376281738281e-05,0,Benign
2,4,2868,1434,1434,1434.0,0.0,520,212,48,130.0,94.68544414709862,0.020431041717529297,140374.63383667468,25451.467780708103,0.020296812057495117,0.010148406028747559,0.006028179448816152,0.014410972595214844,0.0058858394622802734,0.0001342296600341797,4.474322001139323e-05,1.7920028486333146e-05,5.602836608886719e-05,2.4080276489257812e-05,0,Benign
4,2,5736,1434,1434,1434.0,0.0,260,212,48,130.0,115.96551211459379,0.0005049705505371094,11359078.254957506,514881.51085930126,0.00038886070251464844,0.00012962023417154947,6.092065138545748e-05,0.00018715858459472656,6.580352783203125e-05,0.00011610984802246094,5.805492401123047e-05,4.231543590493761e-05,8.797645568847656e-05,2.8133392333984375e-05,0,Benign
4,2,1578,1434,48,394.5,693.0,260,212,48,130.0,115.96551211459379,0.000141143798828125,11180087.35135135,1842092.972972973,0.0001220703125,3.0517578125e-05,3.66410393175076e-05,8.487701416015625e-05,8.106231689453125e-06,1.9073486328125e-05,1.9073486328125e-05,,1.9073486328125e-05,1.9073486328125e-05,0,Benign
6,0,288,48,48,48.0,0.0,0,0,0,0.0,0.0,1.5020370483398438e-05,19173961.14285714,0.0,1.5020370483398438e-05,3.0040740966796874e-06,7.65171362680493e-07,4.0531158447265625e-06,1.9073486328125e-06,0.0,0.0,0.0,0.0,0.0,0,Benign
3,3,4302,1434,1434,1434.0,0.0,472,212,48,157.33333333333334,94.68544414709862,0.0004229545593261719,10171305.41600902,1115959.1251409245,0.0002830028533935547,0.00014150142669677734,4.7373057726244895e-05,0.00017499923706054688,0.00010800361633300781,0.0001399517059326172,4.665056864420573e-05,2.0587459261221905e-05,5.91278076171875e-05,2.288818359375e-05,0,Benign
3,3,4302,1434,1434,1434.0,0.0,308,212,48,102.66666666666667,94.68544414709862,0.004072904586791992,1056248.657027454,75621.70766258854,0.003975868225097656,0.0013252894083658855,0.0021311141127579977,0.0037860870361328125,9.298324584960938e-05,9.703636169433594e-05,4.851818084716797e-05,3.5909114931281714e-05,7.390975952148438e-05,2.3126602172851562e-05,0,Benign
4,2,4350,1434,48,1087.5,693.0,260,212,48,130.0,115.96551211459379,0.011681079864501953,372397.0771931257,22258.216108094868,0.011607170104980469,0.0038690567016601562,0.006617502148848399,0.011510133743286133,6.198883056640625e-06,7.390975952148438e-05,3.695487976074219e-05,2.25907108018392e-05,5.2928924560546875e-05,2.09808349609375e-05,0,Benign
6,0,288,48,48,48.0,0.0,0,0,0,0.0,0.0,1.2874603271484375e-05,22369621.333333332,0.0,1.2874603271484375e-05,2.574920654296875e-06,3.9176170170676666e-07,2.86102294921875e-06,2.1457672119140625e-06,0.0,0.0,0.0,0.0,0.0,0,Benign
